rank,pdok_vbo,vision_vacancy,city,address
1,0599010000337987,1.0,Rotterdam,"Tornadostraat 20, 3077CT Rotterdam"
2,0363010000960322,0.8995158218407955,Amsterdam,"Valentijnkade 130, 1095KH Amsterdam"
3,0363010000803500,0.8685375983845436,Amsterdam,"Sam van Houtenstraat 311, 1067JL Amsterdam"
4,0363010000803501,0.8685375983845436,Amsterdam,"Sam van Houtenstraat 313, 1067JL Amsterdam"
5,0344030000000028,0.8547694990706538,Utrecht,"Daalseweg 257, 3555SV Utrecht"
6,0599010000044399,0.8295279836618561,Rotterdam,"Nijmegenstraat 42, 3087CD Rotterdam"
7,0599010000271753,0.8226439340049112,Rotterdam,"Nijmegenstraat 22, 3087CD Rotterdam"
8,0363010001003397,0.805433809862549,Amsterdam,"Van der Boechorststraat 9, 1081BT Amsterdam"
9,0356010000061560,0.8031391266435672,Utrecht,"Sportpark Galecop 6, 3438HX Nieuwegein"
10,0344010000118360,0.8008444434245857,Utrecht,"Weg naar Rhijnauwen 23, 3584AD Utrecht"
11,0363010000837260,0.7756029280157879,Amsterdam,"Van der Boechorststraat 8, 1081BT Amsterdam"
12,0344010000125085,0.7744555864062972,Utrecht,"Hof ter Weydeweg 15, 3451ST Vleuten"
13,0344010000155656,0.7687188783588431,Utrecht,"Hof ter Weydeweg 16, 3451ST Vleuten"
14,0344010000099172,0.7423300213405544,Utrecht,"Van Deventerlaan 121, 3528AG Utrecht"
15,0344010000106862,0.7423300213405544,Utrecht,"Van Deventerlaan 121A, 3528AG Utrecht"
16,0344020000000114,0.7388879965120819,Utrecht,"Daalseweg 255A, 3555SV Utrecht"
17,0599010110001842,0.7354459716836096,Rotterdam,"Nijmegenstraat 31, 3087CD Rotterdam"
18,0344010000102361,0.7182358475412475,Utrecht,"Ptolemaeuslaan 61, 3528BR Utrecht"
19,0344010000077740,0.7147938227127749,Utrecht,"Enghlaan 5, 3543BD Utrecht"
20,0599010110001844,0.7113517978843025,Rotterdam,"Nijmegenstraat 33B, 3087CD Rotterdam"
21,0599010000337993,0.6918469905229586,Rotterdam,"Kolibristraat 19, 3077CS Rotterdam"
22,0363010000605042,0.6757842079900873,Amsterdam,"Chrysantenstraat 12, 1031HT Amsterdam"
23,0363010011259279,0.6757842079900873,Amsterdam,"Chrysantenstraat 8, 1031HT Amsterdam"
24,0344010000168807,0.6711948415521242,Utrecht,"Sorbonnelaan 15T, Utrecht"
25,0363010012155078,0.6666054751141609,Amsterdam,"Distelweg 87, 1031HD Amsterdam"
26,0344010000125901,0.6666054751141609,Utrecht,"Weg naar Rhijnauwen 43, 3584AD Utrecht"
27,0363010000864941,0.6516900341907804,Amsterdam,"Weldam 6, 1081HN Amsterdam"
28,0599010000337992,0.6482480093623079,Rotterdam,"Kolibristraat 17, 3077CS Rotterdam"
29,0599010000356347,0.6448059845338355,Rotterdam,"Prinsenlaan 910, 3062CT Rotterdam"
30,0599010000337986,0.6402166180958723,Rotterdam,"Tornadostraat 18, 3077CT Rotterdam"
31,0344010000094284,0.6402166180958723,Utrecht,"Van Deventerlaan 50, 3528AE Utrecht"
32,0599010000289302,0.6356272516579091,Rotterdam,"Cadetstraat 33, 3077BT Rotterdam"
33,0599010000154199,0.6356272516579091,Rotterdam,"Cadetstraat 35, 3077BT Rotterdam"
34,0599010000277232,0.6344799100484182,Rotterdam,"Nijmegenstraat 25, 3087CD Rotterdam"
35,0363010000550416,0.6333325684389274,Amsterdam,"Marchanthof 49, 1067MG Amsterdam"
36,0363010012155077,0.6310378852199457,Amsterdam,"Distelweg 85, 1031HD Amsterdam"
37,0344010000192958,0.6184171275155469,Utrecht,"Hondiuslaan 114, 3528AC Utrecht"
38,0344010000055782,0.6126804194680928,Utrecht,"Hoogstraat 2, 3552XM Utrecht"
39,0344010000123097,0.6126804194680928,Utrecht,"Hoogstraat 5, 3552XJ Utrecht"
40,0344010000055786,0.6126804194680928,Utrecht,"Hoogstraat 7, 3552XJ Utrecht"
41,0344010000146496,0.6126804194680928,Utrecht,"Hoogstraat 9, 3552XJ Utrecht"
42,0363010012098940,0.6103857362491112,Amsterdam,"Valentijnkade 131E, 1095KH Amsterdam"
43,0344010000074938,0.6023543449826756,Utrecht,"Weg naar Rhijnauwen 25, 3584AD Utrecht"
44,0344010000122186,0.6000596617636939,Utrecht,"Enghlaan 2, 3543BD Utrecht"
45,0344010000077581,0.598912320154203,Utrecht,"Enghlaan 1, 3543BD Utrecht"
46,0599010000302975,0.5966176369352214,Rotterdam,"Cadetstraat 19, 3077BT Rotterdam"
47,0344010000175524,0.5966176369352214,Utrecht,"Pablo Picassostraat 56, 3544NX Utrecht"
48,0344010000175527,0.5966176369352214,Utrecht,"Pablo Picassostraat 59, 3544NX Utrecht"
49,0344010000175528,0.5966176369352214,Utrecht,"Pablo Picassostraat 60, 3544NX Utrecht"
50,0344010000175531,0.5966176369352214,Utrecht,"Pablo Picassostraat 63, 3544NX Utrecht"
51,0344010000175532,0.5966176369352214,Utrecht,"Pablo Picassostraat 64, 3544NX Utrecht"
52,0344010000175535,0.5966176369352214,Utrecht,"Pablo Picassostraat 67, 3544NX Utrecht"
53,0344010000175536,0.5966176369352214,Utrecht,"Pablo Picassostraat 68, 3544NX Utrecht"
54,0344010000175540,0.5966176369352214,Utrecht,"Pablo Picassostraat 72, 3544NX Utrecht"
55,0363010000772763,0.5943229537162399,Amsterdam,"Pekkendam 1, 1081HP Amsterdam"
56,0344010000097875,0.5874389040592949,Utrecht,"Blaeulaan 60, 3528AD Utrecht"
57,0363010000960323,0.5851442208403134,Amsterdam,"Valentijnkade 132, 1095KH Amsterdam"
58,0363010000768208,0.5839968792308226,Amsterdam,"Overijsselweg 1, 1081HT Amsterdam"
59,0363010001006365,0.5839968792308226,Amsterdam,"Weldam 3, 1081HN Amsterdam"
60,0599010400020225,0.5828495376213317,Rotterdam,"Pannerdenstraat 20, 3087CH Rotterdam"
61,0363010001955727,0.5817021960118409,Amsterdam,"Science Park 406, 1098XH Amsterdam"
62,0599010000314531,0.5794075127928594,Rotterdam,"Kolibristraat 13A, 3077CS Rotterdam"
63,0599010000246858,0.5794075127928594,Rotterdam,"Kolibristraat 13B, 3077CS Rotterdam"
64,0344030000000108,0.5771128295738777,Utrecht,"Daalseweg 257A, 3555SV Utrecht"
65,0363010000807271,0.5759654879643868,Amsterdam,"Schoenerstraat 2, 1034XG Amsterdam"
66,0599010000315335,0.5736708047454053,Rotterdam,"Kolibristraat 11A, 3077CS Rotterdam"
67,0363010000605045,0.5713761215264236,Amsterdam,"Chrysantenstraat 16, 1031HT Amsterdam"
68,0363010000572449,0.5679340966979513,Amsterdam,"Arent Janszoon Ernststraat 1199, 1081HL Amsterdam"
69,0599010000460632,0.5610500470410064,Rotterdam,"Prinsenlaan 906, 3062CT Rotterdam"
70,0344010000107276,0.5564606806030431,Utrecht,"Hof ter Weydeweg 14, 3451ST Vleuten"
71,0363010000641666,0.5553133389935523,Amsterdam,"Science Park 140, 1098XG Amsterdam"
72,0599010000337991,0.5530186557745707,Rotterdam,"Kolibristraat 15, 3077CS Rotterdam"
73,0599010110001841,0.5530186557745707,Rotterdam,"Nijmegenstraat 29, 3087CD Rotterdam"
74,0599010400020226,0.5530186557745707,Rotterdam,"Pannerdenstraat 43, 3087CH Rotterdam"
75,0344010000077739,0.5484292893366074,Utrecht,"Enghlaan 4, 3543BD Utrecht"
76,0599010000302982,0.5438399228986441,Rotterdam,"Cadetstraat 23, 3077BT Rotterdam"
77,0599010000224709,0.5438399228986441,Rotterdam,"Cadetstraat 31, 3077BT Rotterdam"
78,0599010000329777,0.5438399228986441,Rotterdam,"Kolibristraat 9A, 3077CS Rotterdam"
79,0599010000337985,0.5438399228986441,Rotterdam,"Tornadostraat 16, 3077CT Rotterdam"
80,0599010000302961,0.5426925812891533,Rotterdam,"Cadetstraat 21, 3077BT Rotterdam"
81,0599010000274028,0.5403978980701718,Rotterdam,"Zuideras 19, 3075SN Rotterdam"
82,0599010000075944,0.5403978980701718,Rotterdam,"Zuideras 21, 3075SN Rotterdam"
83,0344010000106750,0.5403978980701718,Utrecht,"Ptolemaeuslaan 900, 3528BV Utrecht"
84,0356010000065870,0.5381032148511901,Utrecht,"Sportpark Galecop 10, 3438HX Nieuwegein"
85,0363010000772764,0.5346611900227177,Amsterdam,"Pekkendam 2, 1081HR Amsterdam"
86,0363010012066878,0.5312191651942452,Amsterdam,"Chrysantenstraat 26, 1031HT Amsterdam"
87,0363010012066877,0.5312191651942452,Amsterdam,"Chrysantenstraat 28, 1031HT Amsterdam"
88,0363010012066876,0.5312191651942452,Amsterdam,"Distelweg 79, 1031HD Amsterdam"
89,0344030000000061,0.5312191651942452,Utrecht,"Daalseweg 259, 3555SV Utrecht"
90,0599010000300566,0.5277771403657728,Rotterdam,"Brederodestraat 215, 3027VE Rotterdam"
91,0344010000104522,0.5220404323183188,Utrecht,"Enghlaan 3A, 3543BD Utrecht"
92,0599010110001840,0.5197457490993371,Rotterdam,"Nijmegenstraat 27, 3087CD Rotterdam"
93,0344010000074941,0.5185984074898463,Utrecht,"Weg naar Rhijnauwen 37, 3584AD Utrecht"
94,0344010000077738,0.5174510658803556,Utrecht,"Enghlaan 1A, 3543BD Utrecht"
95,0344010000153423,0.5174510658803556,Utrecht,"Enghlaan 3, 3543BD Utrecht"
96,0344010000074939,0.5151563826613739,Utrecht,"Weg naar Rhijnauwen 33, 3584AD Utrecht"
97,0363010000952889,0.5117143578329015,Amsterdam,"Scharenburg 3, 1046BA Amsterdam"
98,0363010012158167,0.5117143578329015,Amsterdam,"Science Park 309, 1098XH Amsterdam"
99,0363010012108842,0.5117143578329015,Amsterdam,"Slego 1, 1046BM Amsterdam"
100,0363010012116313,0.5117143578329015,Amsterdam,"Slego 1B, 1046BM Amsterdam"
