city,pdok_vbo,address,lat,lng
Amsterdam,0363010012078308,"Amstelveenseweg 595, Amsterdam",52.333266,4.858888
Amsterdam,0363010000572449,"Arent Janszoon Ernststraat 1199, 1081HL Amsterdam",52.331887,4.862708
Amsterdam,0363010012575058,"Arent Janszoon Ernststraat 1200, Amsterdam",52.332178,4.862074
Amsterdam,0363010012098418,"Asterweg 20R-2, 1031HN Amsterdam",52.391315,4.905621
Amsterdam,0363010012098419,"Asterweg 20S-1, 1031HN Amsterdam",52.391354,4.905418
Amsterdam,0363010012098420,"Asterweg 20S-2, 1031HN Amsterdam",52.391375,4.905427
Amsterdam,0363010012098421,"Asterweg 20S-3, 1031HN Amsterdam",52.391393,4.905430
Amsterdam,0363010012171889,"Batteryparkstraat 1, 1031KH Amsterdam",52.387697,4.903158
Amsterdam,0363010012171894,"Batteryparkstraat 11, 1031KH Amsterdam",52.387722,4.903303
Amsterdam,0363010012171888,"Batteryparkstraat 115, 1031KH Amsterdam",52.387710,4.903340
Amsterdam,0363010012171895,"Batteryparkstraat 13, 1031KH Amsterdam",52.387727,4.903332
Amsterdam,0363010012171899,"Batteryparkstraat 21, 1031KH Amsterdam",52.387729,4.903235
Amsterdam,0363010012171900,"Batteryparkstraat 23, 1031KH Amsterdam",52.387735,4.903262
Amsterdam,0363010012171890,"Batteryparkstraat 3, 1031KH Amsterdam",52.387702,4.903186
Amsterdam,0363010012171891,"Batteryparkstraat 5, 1031KH Amsterdam",52.387707,4.903215
Amsterdam,0363010012171892,"Batteryparkstraat 7, 1031KH Amsterdam",52.387711,4.903240
Amsterdam,0363010012171893,"Batteryparkstraat 9, 1031KH Amsterdam",52.387717,4.903271
Amsterdam,0363010000582062,"Bertelmanstraat 2-1, 1075LW Amsterdam",52.350049,4.860057
Amsterdam,0363010000582063,"Bertelmanstraat 2-2, 1075LW Amsterdam",52.350049,4.860057
Amsterdam,0363010000582064,"Bertelmanstraat 2-3, 1075LW Amsterdam",52.350049,4.860057
Amsterdam,0363010000582061,"Bertelmanstraat 2-H, 1075LW Amsterdam",52.350049,4.860057
Amsterdam,0363010000582068,"Bertelmanstraat 4-1, 1075LW Amsterdam",52.350004,4.859985
Amsterdam,0363010000582069,"Bertelmanstraat 4-2, 1075LW Amsterdam",52.350004,4.859985
Amsterdam,0363010000582070,"Bertelmanstraat 4-3, 1075LW Amsterdam",52.350004,4.859985
Amsterdam,0363010000582067,"Bertelmanstraat 4-H, 1075LW Amsterdam",52.350004,4.859985
Amsterdam,0363010000582074,"Bertelmanstraat 6-1, 1075LW Amsterdam",52.349950,4.859927
Amsterdam,0363010000582075,"Bertelmanstraat 6-2, 1075LW Amsterdam",52.349950,4.859927
Amsterdam,0363010000582076,"Bertelmanstraat 6-3, 1075LW Amsterdam",52.349950,4.859927
Amsterdam,0363010000582073,"Bertelmanstraat 6-H, 1075LW Amsterdam",52.349950,4.859927
Amsterdam,0363010000582079,"Bertelmanstraat 8-1, 1075LW Amsterdam",52.349895,4.859869
Amsterdam,0363010000582080,"Bertelmanstraat 8-2, 1075LW Amsterdam",52.349895,4.859869
Amsterdam,0363010000582081,"Bertelmanstraat 8-3, 1075LW Amsterdam",52.349895,4.859869
Amsterdam,0363010000582078,"Bertelmanstraat 8-H, 1075LW Amsterdam",52.349895,4.859869
Amsterdam,0363010000605042,"Chrysantenstraat 12, 1031HT Amsterdam",52.391573,4.904400
Amsterdam,0363010000605044,"Chrysantenstraat 14-1, 1031HT Amsterdam",52.391609,4.904590
Amsterdam,0363010000605043,"Chrysantenstraat 14-H, 1031HT Amsterdam",52.391609,4.904590
Amsterdam,0363010000605045,"Chrysantenstraat 16, 1031HT Amsterdam",52.391637,4.904752
Amsterdam,0363010000605046,"Chrysantenstraat 18, 1031HT Amsterdam",52.391655,4.904869
Amsterdam,0363010000605048,"Chrysantenstraat 20, 1031HT Amsterdam",52.391702,4.905148
Amsterdam,0363010012109398,"Chrysantenstraat 22, 1031HT Amsterdam",52.391732,4.905333
Amsterdam,0363010012066878,"Chrysantenstraat 26, 1031HT Amsterdam",52.391842,4.906248
Amsterdam,0363010012066877,"Chrysantenstraat 28, 1031HT Amsterdam",52.391890,4.906043
Amsterdam,0363010011259277,"Chrysantenstraat 4, 1031HT Amsterdam",52.391508,4.904063
Amsterdam,0363010011259278,"Chrysantenstraat 6, 1031HT Amsterdam",52.391527,4.904136
Amsterdam,0363010011259279,"Chrysantenstraat 8, 1031HT Amsterdam",52.391554,4.904268
Amsterdam,0363010000611045,"Cort van der Lindenkade 114, 1067LM Amsterdam",52.378915,4.794770
Amsterdam,0363010000611046,"Cort van der Lindenkade 116, 1067LM Amsterdam",52.378978,4.794784
Amsterdam,0363010000611047,"Cort van der Lindenkade 118, 1067LM Amsterdam",52.379068,4.794915
Amsterdam,0363010000621282,"Des Présstraat 18-1, 1075NZ Amsterdam",52.350130,4.860012
Amsterdam,0363010000621283,"Des Présstraat 18-2, 1075NZ Amsterdam",52.350130,4.860012
Amsterdam,0363010000621284,"Des Présstraat 18-3, 1075NZ Amsterdam",52.350130,4.860012
Amsterdam,0363010000621281,"Des Présstraat 18-H, 1075NZ Amsterdam",52.350130,4.860012
Amsterdam,0363010000624493,"Distelkade 4, 1031XP Amsterdam",52.391911,4.910317
Amsterdam,0363010000624494,"Distelkade 5, 1031XP Amsterdam",52.391956,4.910243
Amsterdam,0363010000624495,"Distelkade 6, 1031XP Amsterdam",52.391974,4.910184
Amsterdam,0363010000624496,"Distelkade 7, 1031XP Amsterdam",52.391991,4.910110
Amsterdam,0363010000624497,"Distelkade 8, 1031XP Amsterdam",52.392018,4.910051
Amsterdam,0363010001012409,"Distelkruisstraat 12, 1031XJ Amsterdam",52.392035,4.909874
Amsterdam,0363010000624519,"Distelkruisstraat 14, 1031XJ Amsterdam",52.392080,4.909918
Amsterdam,0363010000624511,"Distelkruisstraat 5, 1031XJ Amsterdam",52.391971,4.909581
Amsterdam,0363010000624513,"Distelkruisstraat 7, 1031XJ Amsterdam",52.392061,4.909654
Amsterdam,0363010000624514,"Distelkruisstraat 8, 1031XJ Amsterdam",52.391918,4.909758
Amsterdam,0363010001012406,"Distelkruisstraat 9, 1031XJ Amsterdam",52.392106,4.909697
Amsterdam,0363010012066876,"Distelweg 79, 1031HD Amsterdam",52.392018,4.906204
Amsterdam,0363010000624677,"Distelweg 83, 1031HD Amsterdam",52.392422,4.905595
Amsterdam,0363010012155077,"Distelweg 85, 1031HD Amsterdam",52.392666,4.905027
Amsterdam,0363010012155078,"Distelweg 87, 1031HD Amsterdam",52.392776,4.904788
Amsterdam,0363010000547057,"Eerste Keucheniusstraat 1-1, 1051HN Amsterdam",52.380989,4.873275
Amsterdam,0363010000547090,"Eerste Keucheniusstraat 11-1, 1051HN Amsterdam",52.381069,4.872966
Amsterdam,0363010000547091,"Eerste Keucheniusstraat 11-2, 1051HN Amsterdam",52.381069,4.872966
Amsterdam,0363010000547092,"Eerste Keucheniusstraat 11-3, 1051HN Amsterdam",52.381069,4.872966
Amsterdam,0363010000547089,"Eerste Keucheniusstraat 11-H, 1051HN Amsterdam",52.381069,4.872966
Amsterdam,0363010000547097,"Eerste Keucheniusstraat 13-1, 1051HN Amsterdam",52.381086,4.872892
Amsterdam,0363010000547100,"Eerste Keucheniusstraat 13-2, 1051HN Amsterdam",52.381086,4.872892
Amsterdam,0363010000547101,"Eerste Keucheniusstraat 13-3, 1051HN Amsterdam",52.381086,4.872892
Amsterdam,0363010000547096,"Eerste Keucheniusstraat 13-H, 1051HN Amsterdam",52.381086,4.872892
Amsterdam,0363010000547107,"Eerste Keucheniusstraat 15-1, 1051HN Amsterdam",52.381086,4.872819
Amsterdam,0363010000547108,"Eerste Keucheniusstraat 15-2, 1051HN Amsterdam",52.381086,4.872819
Amsterdam,0363010000547109,"Eerste Keucheniusstraat 15-3, 1051HN Amsterdam",52.381086,4.872819
Amsterdam,0363010000547106,"Eerste Keucheniusstraat 15-H, 1051HN Amsterdam",52.381086,4.872819
Amsterdam,0363010000547074,"Eerste Keucheniusstraat 7-1, 1051HN Amsterdam",52.381024,4.873128
Amsterdam,0363010000547075,"Eerste Keucheniusstraat 7-2, 1051HN Amsterdam",52.381024,4.873128
Amsterdam,0363010000547076,"Eerste Keucheniusstraat 7-3, 1051HN Amsterdam",52.381024,4.873128
Amsterdam,0363010000547082,"Eerste Keucheniusstraat 9-1, 1051HN Amsterdam",52.381051,4.873054
Amsterdam,0363010000547083,"Eerste Keucheniusstraat 9-2, 1051HN Amsterdam",52.381051,4.873054
Amsterdam,0363010000547084,"Eerste Keucheniusstraat 9-3, 1051HN Amsterdam",52.381051,4.873054
Amsterdam,0363010000547081,"Eerste Keucheniusstraat 9-H, 1051HN Amsterdam",52.381051,4.873054
Amsterdam,0363010000659190,"Hartenstraat 2, 1016CB Amsterdam",52.372355,4.886621
Amsterdam,0363010001026519,"Hartenstraat 2A, 1016CB Amsterdam",52.372346,4.886547
Amsterdam,0363010001026521,"Hartenstraat 4, 1016CB Amsterdam",52.372346,4.886503
Amsterdam,0363010000659196,"Hartenstraat 6-1, 1016CB Amsterdam",52.372363,4.886430
Amsterdam,0363010000659197,"Hartenstraat 6-2, 1016CB Amsterdam",52.372363,4.886430
Amsterdam,0363010000659198,"Hartenstraat 6-3, 1016CB Amsterdam",52.372363,4.886430
Amsterdam,0363010000659195,"Hartenstraat 6-H, 1016CB Amsterdam",52.372363,4.886430
Amsterdam,0363010012080367,"Hartenstraat 8A, 1016CB Amsterdam",52.372355,4.886360
Amsterdam,0363010012080368,"Hartenstraat 8B, 1016CB Amsterdam",52.372356,4.886353
Amsterdam,0363010000658170,"Herengracht 202A, 1016BS Amsterdam",52.373003,4.886775
Amsterdam,0363010000664706,"Herengracht 204, 1016BS Amsterdam",52.372967,4.886775
Amsterdam,0363010012151191,"Herengracht 208, 1016BS Amsterdam",52.372762,4.886720
Amsterdam,0363010001041621,"Herengracht 216, 1016BS Amsterdam",52.372724,4.886719
Amsterdam,0363010000664715,"Herengracht 218, 1016BT Amsterdam",52.372634,4.886750
Amsterdam,0363010000977619,"Herengracht 220, 1016BT Amsterdam",52.372580,4.886736
Amsterdam,0363010000983356,"Herengracht 222, 1016BT Amsterdam",52.372535,4.886736
Amsterdam,0363010000713923,"Herengracht 224, 1016BT Amsterdam",52.372499,4.886722
Amsterdam,0363010000664719,"Herengracht 226, 1016BT Amsterdam",52.372463,4.886722
Amsterdam,0363010000664724,"Herengracht 228, 1016BT Amsterdam",52.372418,4.886723
Amsterdam,0363010012132875,"Herengracht 230, 1016BT Amsterdam",52.372378,4.886739
Amsterdam,0363010000690008,"Jekerstraat 66-1, 1078ME Amsterdam",52.346174,4.897306
Amsterdam,0363010000690009,"Jekerstraat 66-2, 1078ME Amsterdam",52.346174,4.897306
Amsterdam,0363010000690010,"Jekerstraat 66-3, 1078ME Amsterdam",52.346174,4.897306
Amsterdam,0363010000690007,"Jekerstraat 66-H, 1078ME Amsterdam",52.346174,4.897306
Amsterdam,0363010012110115,"Jekerstraat 68, 1078ME Amsterdam",52.346173,4.897248
Amsterdam,0363010000690021,"Jekerstraat 70-2, 1078ME Amsterdam",52.346182,4.897189
Amsterdam,0363010000690022,"Jekerstraat 70-3, 1078ME Amsterdam",52.346182,4.897189
Amsterdam,0363010000690027,"Jekerstraat 72-1, 1078ME Amsterdam",52.346182,4.897115
Amsterdam,0363010000690028,"Jekerstraat 72-2, 1078ME Amsterdam",52.346182,4.897115
Amsterdam,0363010000690029,"Jekerstraat 72-3, 1078ME Amsterdam",52.346182,4.897115
Amsterdam,0363010000690034,"Jekerstraat 74, 1078MG Amsterdam",52.346190,4.897042
Amsterdam,0363010000690039,"Jekerstraat 76, 1078MG Amsterdam",52.346190,4.896983
Amsterdam,0363010000690044,"Jekerstraat 78-1, 1078MG Amsterdam",52.346199,4.896910
Amsterdam,0363010000690045,"Jekerstraat 78-2, 1078MG Amsterdam",52.346199,4.896910
Amsterdam,0363010000690046,"Jekerstraat 78-3, 1078MG Amsterdam",52.346199,4.896910
Amsterdam,0363010000690050,"Jekerstraat 80-1, 1078MG Amsterdam",52.346199,4.896851
Amsterdam,0363010000690051,"Jekerstraat 80-2, 1078MG Amsterdam",52.346199,4.896851
Amsterdam,0363010000690052,"Jekerstraat 80-3, 1078MG Amsterdam",52.346199,4.896851
Amsterdam,0363010000690056,"Jekerstraat 82, 1078MG Amsterdam",52.346207,4.896763
Amsterdam,0363010012078382,"Jekerstraat 86, 1078MG Amsterdam",52.346198,4.896719
Amsterdam,0363010000710730,"Korvetpad 2, 1034XX Amsterdam",52.404430,4.910167
Amsterdam,0363010000710731,"Korvetpad 3, 1034XX Amsterdam",52.404341,4.910344
Amsterdam,0363010000710732,"Korvetpad 4, 1034XX Amsterdam",52.404270,4.910536
Amsterdam,0363010000710733,"Korvetpad 5, 1034XX Amsterdam",52.404181,4.910728
Amsterdam,0363010000722812,"Lange Distelstraat 10, 1031XG Amsterdam",52.391865,4.909964
Amsterdam,0363010000722813,"Lange Distelstraat 11, 1031XE Amsterdam",52.391721,4.909878
Amsterdam,0363010000722814,"Lange Distelstraat 12, 1031XG Amsterdam",52.391900,4.909832
Amsterdam,0363010000722815,"Lange Distelstraat 13, 1031XE Amsterdam",52.391747,4.909804
Amsterdam,0363010000722816,"Lange Distelstraat 14, 1031XG Amsterdam",52.391989,4.909537
Amsterdam,0363010000722804,"Lange Distelstraat 2, 1031XG Amsterdam",52.391803,4.910230
Amsterdam,0363010000722806,"Lange Distelstraat 4, 1031XG Amsterdam",52.391821,4.910171
Amsterdam,0363010000722808,"Lange Distelstraat 6, 1031XG Amsterdam",52.391838,4.910097
Amsterdam,0363010000722810,"Lange Distelstraat 8, 1031XG Amsterdam",52.391856,4.910023
Amsterdam,0363010000550416,"Marchanthof 49, 1067MG Amsterdam",52.379313,4.795382
Amsterdam,0363010000551588,"Marchanthof 51, 1067MG Amsterdam",52.379376,4.795352
Amsterdam,0363010000551589,"Marchanthof 53, 1067MG Amsterdam",52.379421,4.795351
Amsterdam,0363010000551590,"Marchanthof 55, 1067MG Amsterdam",52.379466,4.795350
Amsterdam,0363010000552486,"Marchanthof 57, 1067MG Amsterdam",52.379520,4.795379
Amsterdam,0363010000551556,"Marchanthof 59, 1067MG Amsterdam",52.379565,4.795349
Amsterdam,0363010000585632,"Marchanthof 61, 1067MG Amsterdam",52.379329,4.794912
Amsterdam,0363010000585633,"Marchanthof 63, 1067MG Amsterdam",52.379401,4.794911
Amsterdam,0363010000585634,"Marchanthof 65, 1067MG Amsterdam",52.379491,4.794924
Amsterdam,0363010000585635,"Marchanthof 67, 1067MG Amsterdam",52.379536,4.794938
Amsterdam,0363010000585636,"Marchanthof 69, 1067MG Amsterdam",52.379626,4.794966
Amsterdam,0363010000585637,"Marchanthof 71, 1067MG Amsterdam",52.379698,4.794980
Amsterdam,0363010011005081,"Oostelijke Handelskade 625, 1019BW Amsterdam",52.375460,4.929893
Amsterdam,0363010011005082,"Oostelijke Handelskade 627, 1019BW Amsterdam",52.375460,4.929907
Amsterdam,0363010011005083,"Oostelijke Handelskade 629, 1019BW Amsterdam",52.375460,4.929907
Amsterdam,0363010011005084,"Oostelijke Handelskade 631, 1019BW Amsterdam",52.375460,4.929922
Amsterdam,0363010011005085,"Oostelijke Handelskade 633, 1019BW Amsterdam",52.375460,4.929937
Amsterdam,0363010011005086,"Oostelijke Handelskade 635, 1019BW Amsterdam",52.375451,4.929937
Amsterdam,0363010011005087,"Oostelijke Handelskade 637, 1019BW Amsterdam",52.375451,4.929952
Amsterdam,0363010011005088,"Oostelijke Handelskade 639, 1019BW Amsterdam",52.375451,4.929952
Amsterdam,0363010011005089,"Oostelijke Handelskade 641, 1019BW Amsterdam",52.375451,4.929966
Amsterdam,0363010011005090,"Oostelijke Handelskade 643, 1019BW Amsterdam",52.375451,4.929981
Amsterdam,0363010011005091,"Oostelijke Handelskade 645, 1019BW Amsterdam",52.375451,4.929981
Amsterdam,0363010011005092,"Oostelijke Handelskade 647, 1019BW Amsterdam",52.375442,4.929996
Amsterdam,0363010011005093,"Oostelijke Handelskade 649, 1019BW Amsterdam",52.375442,4.929996
Amsterdam,0363010011005094,"Oostelijke Handelskade 651, 1019BW Amsterdam",52.375443,4.930010
Amsterdam,0363010011005095,"Oostelijke Handelskade 653, 1019BW Amsterdam",52.375443,4.930025
Amsterdam,0363010011005096,"Oostelijke Handelskade 655, 1019BW Amsterdam",52.375443,4.930025
Amsterdam,0363010011005097,"Oostelijke Handelskade 657, 1019BW Amsterdam",52.375434,4.930040
Amsterdam,0363010011005098,"Oostelijke Handelskade 659, 1019BW Amsterdam",52.375434,4.930055
Amsterdam,0363010011005099,"Oostelijke Handelskade 661, 1019BW Amsterdam",52.375434,4.930055
Amsterdam,0363010011005101,"Oostelijke Handelskade 665, 1019BW Amsterdam",52.375434,4.930069
Amsterdam,0363010000949514,"Oudezijds Achterburgwal 190A, 1012DX Amsterdam",52.370235,4.895455
Amsterdam,0363010000949515,"Oudezijds Achterburgwal 190B, 1012DX Amsterdam",52.370235,4.895455
Amsterdam,0363010000759239,"Oudezijds Achterburgwal 192-1, 1012DX Amsterdam",52.370190,4.895426
Amsterdam,0363010000759238,"Oudezijds Achterburgwal 192-H, 1012DX Amsterdam",52.370190,4.895426
Amsterdam,0363010000759242,"Oudezijds Achterburgwal 194-1, 1012DX Amsterdam",52.370127,4.895353
Amsterdam,0363010012164013,"Oudezijds Achterburgwal 194-2, 1012DX Amsterdam",52.370126,4.895371
Amsterdam,0363010012164014,"Oudezijds Achterburgwal 194-3, 1012DX Amsterdam",52.370127,4.895363
Amsterdam,0363010001956927,"Oudezijds Achterburgwal 194-H, 1012DX Amsterdam",52.370127,4.895353
Amsterdam,0363010000759249,"Oudezijds Achterburgwal 196-1, 1012DX Amsterdam",52.370082,4.895339
Amsterdam,0363010000759250,"Oudezijds Achterburgwal 196-2, 1012DX Amsterdam",52.370082,4.895339
Amsterdam,0363010000759248,"Oudezijds Achterburgwal 196-H, 1012DX Amsterdam",52.370082,4.895339
Amsterdam,0363010001014270,"Oudezijds Voorburgwal 221-1, 1012EX Amsterdam",52.370233,4.894912
Amsterdam,0363010000961615,"Oudezijds Voorburgwal 221-2, 1012EX Amsterdam",52.370233,4.894912
Amsterdam,0363010000759686,"Oudezijds Voorburgwal 221-3, 1012EX Amsterdam",52.370233,4.894912
Amsterdam,0363010001014272,"Oudezijds Voorburgwal 221-4, 1012EX Amsterdam",52.370233,4.894912
Amsterdam,0363010001014273,"Oudezijds Voorburgwal 221-HA, 1012EX Amsterdam",52.370233,4.894912
Amsterdam,0363010001014274,"Oudezijds Voorburgwal 221-HV, 1012EX Amsterdam",52.370233,4.894912
Amsterdam,0363010000768208,"Overijsselweg 1, 1081HT Amsterdam",52.332003,4.860433
Amsterdam,0363010000772763,"Pekkendam 1, 1081HP Amsterdam",52.331893,4.859921
Amsterdam,0363010000772764,"Pekkendam 2, 1081HR Amsterdam",52.331936,4.859422
Amsterdam,0363010000772765,"Pekkendam 3, 1081HP Amsterdam",52.331722,4.859938
Amsterdam,0363010000777684,"Plantage Middenlaan 88-O, 1018DJ Amsterdam",52.364134,4.917897
Amsterdam,0363010000777895,"Plantage Muidergracht 163-2, 1018TT Amsterdam",52.364107,4.917883
Amsterdam,0363010000777896,"Plantage Muidergracht 163-3, 1018TT Amsterdam",52.364107,4.917883
Amsterdam,0363020001033158,"Plantage Muidergracht 206, 1018TW Amsterdam",52.363766,4.917767
Amsterdam,0363010012088554,"Poortland 184, 1046BD Amsterdam",52.392821,4.786213
Amsterdam,0363010012088555,"Poortland 186, 1046BD Amsterdam",52.392818,4.785961
Amsterdam,0363010012088565,"Poortland 206, 1046BD Amsterdam",52.392729,4.785714
Amsterdam,0363010012088566,"Poortland 208, 1046BD Amsterdam",52.392819,4.785691
Amsterdam,0363010012088567,"Poortland 210, 1046BD Amsterdam",52.392814,4.785469
Amsterdam,0363010012088568,"Poortland 212, 1046BD Amsterdam",52.392724,4.785480
Amsterdam,0363010012088569,"Poortland 214, 1046BD Amsterdam",52.392674,4.785478
Amsterdam,0363010012088576,"Poortland 228, 1046BD Amsterdam",52.392671,4.785232
Amsterdam,0363010012088577,"Poortland 230, 1046BD Amsterdam",52.392725,4.785217
Amsterdam,0363010012088578,"Poortland 232, 1046BD Amsterdam",52.392817,4.785207
Amsterdam,0363010012088579,"Poortland 234, 1046BD Amsterdam",52.392806,4.784938
Amsterdam,0363010012088580,"Poortland 236, 1046BD Amsterdam",52.392718,4.784828
Amsterdam,0363010012088581,"Poortland 238, 1046BD Amsterdam",52.392672,4.784841
Amsterdam,0363010000783027,"Prins Hendrikkade 77A, 1012AE Amsterdam",52.376667,4.901170
Amsterdam,0363010000783028,"Prins Hendrikkade 77B, 1012AE Amsterdam",52.376676,4.901184
Amsterdam,0363010000783029,"Prins Hendrikkade 77C, Amsterdam",52.376658,4.901184
Amsterdam,0363010000783034,"Prins Hendrikkade 78A, 1012AE Amsterdam",52.376676,4.901258
Amsterdam,0363010000783035,"Prins Hendrikkade 78B, 1012AE Amsterdam",52.376676,4.901258
Amsterdam,0363010000783036,"Prins Hendrikkade 78C, 1012AE Amsterdam",52.376676,4.901258
Amsterdam,0363010000783037,"Prins Hendrikkade 78D, 1012AE Amsterdam",52.376676,4.901258
Amsterdam,0363010000783038,"Prins Hendrikkade 78E, 1012AE Amsterdam",52.376676,4.901228
Amsterdam,0363010000783039,"Prins Hendrikkade 78F, 1012AE Amsterdam",52.376676,4.901243
Amsterdam,0363010000783040,"Prins Hendrikkade 78G, 1012AE Amsterdam",52.376685,4.901258
Amsterdam,0363010000783041,"Prins Hendrikkade 78H, 1012AE Amsterdam",52.376667,4.901228
Amsterdam,0363010000783042,"Prins Hendrikkade 78K, 1012AE Amsterdam",52.376667,4.901243
Amsterdam,0363010000783043,"Prins Hendrikkade 79A, 1012AE Amsterdam",52.376685,4.901287
Amsterdam,0363010000783044,"Prins Hendrikkade 79B, 1012AE Amsterdam",52.376694,4.901302
Amsterdam,0363010000783045,"Prins Hendrikkade 79C, 1012AE Amsterdam",52.376694,4.901316
Amsterdam,0363010000783046,"Prins Hendrikkade 79D, 1012AE Amsterdam",52.376694,4.901331
Amsterdam,0363010000783047,"Prins Hendrikkade 79E, 1012AE Amsterdam",52.376676,4.901287
Amsterdam,0363010000783048,"Prins Hendrikkade 79F, 1012AE Amsterdam",52.376676,4.901302
Amsterdam,0363010000783056,"Prins Hendrikkade 80A, 1012AE Amsterdam",52.376704,4.901360
Amsterdam,0363010000783070,"Prins Hendrikkade 81F, 1012AE Amsterdam",52.376685,4.901331
Amsterdam,0363010001009817,"Quellijnstraat 104-2, 1072XZ Amsterdam",52.356605,4.892083
Amsterdam,0363010000787112,"Quellijnstraat 106-1A, 1072XZ Amsterdam",52.356596,4.892186
Amsterdam,0363010000787113,"Quellijnstraat 106-1V, 1072XZ Amsterdam",52.356596,4.892186
Amsterdam,0363010000787114,"Quellijnstraat 106-2A, 1072XZ Amsterdam",52.356596,4.892186
Amsterdam,0363010000787115,"Quellijnstraat 106-2V, 1072XZ Amsterdam",52.356596,4.892186
Amsterdam,0363010000787116,"Quellijnstraat 106-3A, 1072XZ Amsterdam",52.356596,4.892186
Amsterdam,0363010000787117,"Quellijnstraat 106-3V, 1072XZ Amsterdam",52.356596,4.892186
Amsterdam,0363010000787111,"Quellijnstraat 106-H, 1072XZ Amsterdam",52.356596,4.892186
Amsterdam,0363010000787126,"Quellijnstraat 108-1, 1072XZ Amsterdam",52.356596,4.892259
Amsterdam,0363010000787127,"Quellijnstraat 108-2, 1072XZ Amsterdam",52.356596,4.892259
Amsterdam,0363010000787128,"Quellijnstraat 108-3, 1072XZ Amsterdam",52.356596,4.892259
Amsterdam,0363010000787125,"Quellijnstraat 108-H, 1072XZ Amsterdam",52.356596,4.892259
Amsterdam,0363010000784309,"Quellijnstraat 71, 1072ZA Amsterdam",52.356810,4.891890
Amsterdam,0363010000784310,"Quellijnstraat 77, 1072ZA Amsterdam",52.356802,4.891993
Amsterdam,0363010000784311,"Quellijnstraat 79, 1072ZA Amsterdam",52.356802,4.892066
Amsterdam,0363010000784312,"Quellijnstraat 81, 1072ZA Amsterdam",52.356794,4.892169
Amsterdam,0363010000784313,"Quellijnstraat 83, 1072ZA Amsterdam",52.356785,4.892228
Amsterdam,0363010000784314,"Quellijnstraat 85, 1072ZA Amsterdam",52.356776,4.892316
Amsterdam,0363010000784315,"Quellijnstraat 87, Amsterdam",52.356777,4.892404
Amsterdam,0363010000784316,"Quellijnstraat 89, 1072ZA Amsterdam",52.356768,4.892477
Amsterdam,0363010000803500,"Sam van Houtenstraat 311, 1067JL Amsterdam",52.379079,4.795326
Amsterdam,0363010000803501,"Sam van Houtenstraat 313, 1067JL Amsterdam",52.379079,4.795223
Amsterdam,0363010000803502,"Sam van Houtenstraat 315, 1067JL Amsterdam",52.379078,4.795135
Amsterdam,0363010000803503,"Sam van Houtenstraat 317, 1067JL Amsterdam",52.379069,4.795062
Amsterdam,0363010000803504,"Sam van Houtenstraat 319, 1067JL Amsterdam",52.379068,4.794974
Amsterdam,0363010011290833,"Sarphatistraat 478, 1018GW Amsterdam",52.363292,4.918831
Amsterdam,0363010011290834,"Sarphatistraat 478A, 1018GW Amsterdam",52.363301,4.918831
Amsterdam,0363010000804704,"Sarphatistraat 480, 1018GW Amsterdam",52.363292,4.918831
Amsterdam,0363010000804705,"Sarphatistraat 482, 1018GW Amsterdam",52.363292,4.918831
Amsterdam,0363010000804708,"Sarphatistraat 484, 1018GW Amsterdam",52.363329,4.918904
Amsterdam,0363010000804709,"Sarphatistraat 486, 1018GW Amsterdam",52.363329,4.918904
Amsterdam,0363010000804710,"Sarphatistraat 488, 1018GW Amsterdam",52.363329,4.918904
Amsterdam,0363010000804715,"Sarphatistraat 490, 1018GW Amsterdam",52.363356,4.918977
Amsterdam,0363010001042104,"Sarphatistraat 492, 1018GW Amsterdam",52.363347,4.918977
Amsterdam,0363010001042103,"Sarphatistraat 492A, 1018GW Amsterdam",52.363329,4.919007
Amsterdam,0363010000804714,"Sarphatistraat 494, 1018GW Amsterdam",52.363338,4.918992
Amsterdam,0363010001008098,"Sarphatistraat 496-1, 1018GW Amsterdam",52.363392,4.919065
Amsterdam,0363010001008099,"Sarphatistraat 496-2, 1018GW Amsterdam",52.363392,4.919065
Amsterdam,0363010001008100,"Sarphatistraat 496-3, 1018GW Amsterdam",52.363392,4.919065
Amsterdam,0363010000804719,"Sarphatistraat 498, 1018GW Amsterdam",52.363392,4.919065
Amsterdam,0363010000804723,"Sarphatistraat 500, 1018AV Amsterdam",52.363726,4.919355
Amsterdam,0363010012148529,"Sausalitolaan 184, 1031KE Amsterdam",52.387487,4.903425
Amsterdam,0363010012148539,"Sausalitolaan 204, 1031KE Amsterdam",52.387475,4.903225
Amsterdam,0363010012148540,"Sausalitolaan 206, 1031KE Amsterdam",52.387505,4.903303
Amsterdam,0363010012148549,"Sausalitolaan 224, 1031KE Amsterdam",52.387483,4.903244
Amsterdam,0363010012148550,"Sausalitolaan 226, 1031KE Amsterdam",52.387513,4.903321
Amsterdam,0363010012148735,"Sausalitolaan 246, 1031KE Amsterdam",52.387518,4.903342
Amsterdam,0363010012148745,"Sausalitolaan 266, 1031KE Amsterdam",52.387491,4.903309
Amsterdam,0363010012148746,"Sausalitolaan 268, 1031KE Amsterdam",52.387496,4.903398
Amsterdam,0363010012148753,"Sausalitolaan 282, 1031KE Amsterdam",52.387470,4.903311
Amsterdam,0363010012148762,"Sausalitolaan 300, Amsterdam",52.387498,4.903209
Amsterdam,0363010012109267,"Scharenburg 10, 1046BB Amsterdam",52.395099,4.782956
Amsterdam,0363010001026575,"Scharenburg 14, 1046BB Amsterdam",52.395201,4.784195
Amsterdam,0363010000952889,"Scharenburg 3, 1046BA Amsterdam",52.396326,4.784517
Amsterdam,0363010000986339,"Scharenburg 5, 1046BA Amsterdam",52.395979,4.787064
Amsterdam,0363010000807271,"Schoenerstraat 2, 1034XG Amsterdam",52.403694,4.910307
Amsterdam,0363010000807272,"Schoenerstraat 4, 1034XG Amsterdam",52.403658,4.910381
Amsterdam,0363010000807273,"Schoenerstraat 6, 1034XG Amsterdam",52.403632,4.910455
Amsterdam,0363010000807274,"Schoenerstraat 7, 1034XZ Amsterdam",52.404015,4.909643
Amsterdam,0363010000641666,"Science Park 140, 1098XG Amsterdam",52.356733,4.954585
Amsterdam,0363010012157005,"Science Park 303, Amsterdam",52.355743,4.955018
Amsterdam,0363010012157006,"Science Park 305, Amsterdam",52.355704,4.955092
Amsterdam,0363010003695453,"Science Park 306, 1098XH Amsterdam",52.355650,4.956300
Amsterdam,0363010003695454,"Science Park 308, Amsterdam",52.355547,4.956615
Amsterdam,0363010012158167,"Science Park 309, 1098XH Amsterdam",52.355470,4.954736
Amsterdam,0363010000988374,"Science Park 400, 1098XH Amsterdam",52.356368,4.955763
Amsterdam,0363010012077451,"Science Park 402, 1098XH Amsterdam",52.356629,4.956866
Amsterdam,0363010001001343,"Science Park 404, 1098XH Amsterdam",52.356601,4.958021
Amsterdam,0363010001955727,"Science Park 406, 1098XH Amsterdam",52.356462,4.959124
Amsterdam,0363010012067304,"Science Park 408, 1098XH Amsterdam",52.356320,4.958275
Amsterdam,0363010012067303,"Science Park 410, 1098XH Amsterdam",52.356056,4.958145
Amsterdam,0363010000817317,"Sint Agnietenstraat 10, 1012EG Amsterdam",52.370378,4.895174
Amsterdam,0363010000776484,"Sint Agnietenstraat 14, 1012EG Amsterdam",52.370315,4.895204
Amsterdam,0363010000817319,"Sint Agnietenstraat 16, 1012EG Amsterdam",52.370342,4.895366
Amsterdam,0363010012108842,"Slego 1, 1046BM Amsterdam",52.394067,4.787166
Amsterdam,0363010012116312,"Slego 1A, 1046BM Amsterdam",52.395484,4.787125
Amsterdam,0363010012116313,"Slego 1B, 1046BM Amsterdam",52.394070,4.787114
Amsterdam,0363010000960322,"Valentijnkade 130, 1095KH Amsterdam",52.358023,4.953589
Amsterdam,0363010000850093,"Valentijnkade 131, 1095KH Amsterdam",52.359020,4.955737
Amsterdam,0363010012080388,"Valentijnkade 131A, 1095KH Amsterdam",52.359113,4.955266
Amsterdam,0363010012080389,"Valentijnkade 131B, 1095KH Amsterdam",52.359119,4.955002
Amsterdam,0363010012576426,"Valentijnkade 131C, 1095KH Amsterdam",52.358535,4.955169
Amsterdam,0363010012092072,"Valentijnkade 131D, 1095KH Amsterdam",52.358349,4.955701
Amsterdam,0363010012098940,"Valentijnkade 131E, 1095KH Amsterdam",52.358951,4.957422
Amsterdam,0363010000960323,"Valentijnkade 132, 1095KH Amsterdam",52.359131,4.954342
Amsterdam,0363010000982251,"Van der Boechorststraat 13, 1081BT Amsterdam",52.332650,4.862347
Amsterdam,0363010000837261,"Van der Boechorststraat 26, 1081BT Amsterdam",52.331936,4.861578
Amsterdam,0363010000837256,"Van der Boechorststraat 3, 1081BT Amsterdam",52.334393,4.862136
Amsterdam,0363010000837258,"Van der Boechorststraat 5, 1081BT Amsterdam",52.333961,4.862126
Amsterdam,0363010001003396,"Van der Boechorststraat 6, 1081BT Amsterdam",52.334280,4.861008
Amsterdam,0363010000837259,"Van der Boechorststraat 7, 1081BT Amsterdam",52.333621,4.862365
Amsterdam,0363010000837260,"Van der Boechorststraat 8, 1081BT Amsterdam",52.332507,4.860632
Amsterdam,0363010001003397,"Van der Boechorststraat 9, 1081BT Amsterdam",52.332824,4.863005
Amsterdam,0363010000923231,"Veemarkt 47, 1019DA Amsterdam",52.367780,4.935625
Amsterdam,0363020001038819,"Veemarkt 48, 1019DD Amsterdam",52.367340,4.935568
Amsterdam,0363010000923232,"Veemarkt 49, 1019DA Amsterdam",52.367780,4.935786
Amsterdam,0363010000923234,"Veemarkt 51, 1019DA Amsterdam",52.367781,4.935933
Amsterdam,0363010000923235,"Veemarkt 52, 1019DD Amsterdam",52.367545,4.935480
Amsterdam,0363010000923236,"Veemarkt 53, 1019DA Amsterdam",52.367781,4.936109
Amsterdam,0363010000923237,"Veemarkt 54, 1019DD Amsterdam",52.367546,4.935568
Amsterdam,0363010000923238,"Veemarkt 55, 1019DA Amsterdam",52.367782,4.936227
Amsterdam,0363010000923239,"Veemarkt 56, 1019DD Amsterdam",52.367537,4.935657
Amsterdam,0363010000923240,"Veemarkt 57, 1019DA Amsterdam",52.367792,4.936403
Amsterdam,0363010000923241,"Veemarkt 58, 1019DD Amsterdam",52.367547,4.935789
Amsterdam,0363010000923242,"Veemarkt 59, 1019DA Amsterdam",52.367783,4.936564
Amsterdam,0363010000923243,"Veemarkt 60, 1019DD Amsterdam",52.367547,4.935862
Amsterdam,0363010000923245,"Veemarkt 62, 1019DD Amsterdam",52.367538,4.935994
Amsterdam,0363010000923247,"Veemarkt 64, 1019DD Amsterdam",52.367548,4.936097
Amsterdam,0363010000923249,"Veemarkt 66, 1019DD Amsterdam",52.367548,4.936214
Amsterdam,0363010000923251,"Veemarkt 68, 1019DD Amsterdam",52.367540,4.936303
Amsterdam,0363010000923253,"Veemarkt 70, 1019DD Amsterdam",52.367558,4.936420
Amsterdam,0363010000923255,"Veemarkt 72, 1019DD Amsterdam",52.367549,4.936552
Amsterdam,0363010012082729,"Veemarkt 76A, 1019DD Amsterdam",52.367432,4.936301
Amsterdam,0363010000854284,"Viermasterstraat 64, 1034XT Amsterdam",52.404467,4.910211
Amsterdam,0363010000854286,"Viermasterstraat 66, 1034XT Amsterdam",52.404467,4.910211
Amsterdam,0363010000854298,"Viermasterstraat 78, 1034XT Amsterdam",52.404458,4.910240
Amsterdam,0363010000854300,"Viermasterstraat 80, 1034XT Amsterdam",52.404458,4.910240
Amsterdam,0363010000854302,"Viermasterstraat 82, Amsterdam",52.404422,4.910314
Amsterdam,0363010000854304,"Viermasterstraat 84, Amsterdam",52.404413,4.910344
Amsterdam,0363010000854306,"Viermasterstraat 86, Amsterdam",52.404395,4.910388
Amsterdam,0363010000854308,"Viermasterstraat 88, Amsterdam",52.404377,4.910418
Amsterdam,0363010000854310,"Viermasterstraat 90, Amsterdam",52.404342,4.910506
Amsterdam,0363010000854312,"Viermasterstraat 92, Amsterdam",52.404324,4.910536
Amsterdam,0363010000854314,"Viermasterstraat 94, Amsterdam",52.404315,4.910565
Amsterdam,0363010000854316,"Viermasterstraat 96, Amsterdam",52.404288,4.910609
Amsterdam,0363010000864938,"Weldam 1, 1081HN Amsterdam",52.331781,4.861081
Amsterdam,0363010001006365,"Weldam 3, 1081HN Amsterdam",52.331782,4.861316
Amsterdam,0363010000864939,"Weldam 4, 1081HN Amsterdam",52.331770,4.860553
Amsterdam,0363010000864940,"Weldam 5, 1081HN Amsterdam",52.331511,4.860996
Amsterdam,0363010000864941,"Weldam 6, 1081HN Amsterdam",52.331572,4.860556
Rotterdam,0599010000212093,"'s-Gravenweg 81, 3062ZC Rotterdam",51.922834,4.520643
Rotterdam,0599010000159557,"'s-Gravenweg 83, 3062ZC Rotterdam",51.922775,4.520606
Rotterdam,0599010000227376,"'s-Gravenweg 85, 3062ZC Rotterdam",51.922717,4.520568
Rotterdam,0599010000081319,"'s-Gravenweg 87, 3062ZC Rotterdam",51.922660,4.520529
Rotterdam,0599010000227373,"'s-Gravenweg 89, 3062ZC Rotterdam",51.922605,4.520493
Rotterdam,0599010000022527,"'s-Gravenweg 91, 3062ZC Rotterdam",51.922457,4.520922
Rotterdam,0599010000232477,"'s-Gravenweg 93, 3062ZC Rotterdam",51.922515,4.520961
Rotterdam,0599010000137111,"'s-Gravenweg 95, 3062ZC Rotterdam",51.922574,4.520999
Rotterdam,0599010000019851,"'s-Gravenweg 97, 3062ZC Rotterdam",51.922672,4.521143
Rotterdam,0599010000254879,"Baden Powelllaan 12, 3016GJ Rotterdam",51.906783,4.468456
Rotterdam,0599010000293138,"Baden Powelllaan 9, 3016GJ Rotterdam",51.906070,4.467145
Rotterdam,0599010000405689,"Bentincklaan 294, 3039KK Rotterdam",51.924368,4.456308
Rotterdam,0599010000461085,"Bentincklaan 40, 3039KK Rotterdam",51.924896,4.458291
Rotterdam,0599010000347917,"Beurstraverse 126, 3011AM Rotterdam",51.919987,4.480331
Rotterdam,0599010000347919,"Beurstraverse 130, 3011AM Rotterdam",51.919987,4.480219
Rotterdam,0599010000347921,"Beurstraverse 136, 3011AM Rotterdam",51.919961,4.480089
Rotterdam,0599010000347923,"Beurstraverse 140, 3011AM Rotterdam",51.919893,4.480107
Rotterdam,0599010000347924,"Beurstraverse 144, 3012AT Rotterdam",51.919854,4.479928
Rotterdam,0599010000347928,"Beurstraverse 158, 3012AT Rotterdam",51.919888,4.479625
Rotterdam,0599010000347831,"Beurstraverse 55, 3011AE Rotterdam",51.920110,4.480240
Rotterdam,0599010000347909,"Beurstraverse 59, 3011AE Rotterdam",51.920073,4.480042
Rotterdam,0599010000347832,"Beurstraverse 61, 3012AT Rotterdam",51.920130,4.479905
Rotterdam,0599010000347910,"Beurstraverse 67, 3012AT Rotterdam",51.920155,4.479855
Rotterdam,0599010000347837,"Beurstraverse 69, 3012AT Rotterdam",51.920132,4.479646
Rotterdam,0599010000300566,"Brederodestraat 215, 3027VE Rotterdam",51.917987,4.432455
Rotterdam,0599010400009395,"Brielselaan 143, 3081AB Rotterdam",51.893921,4.477757
Rotterdam,0599010000138844,"Brielselaan 157, 3081AC Rotterdam",51.894104,4.476991
Rotterdam,0599010000225555,"Brielselaan 161A, 3081AC Rotterdam",51.893744,4.477078
Rotterdam,0599010000225551,"Brielselaan 161B, 3081AC Rotterdam",51.893744,4.477078
Rotterdam,0599010000225557,"Brielselaan 161C, 3081AC Rotterdam",51.893744,4.477078
Rotterdam,0599010000225554,"Brielselaan 163A, 3081AC Rotterdam",51.893733,4.477021
Rotterdam,0599010000225550,"Brielselaan 163B, 3081AC Rotterdam",51.893733,4.477021
Rotterdam,0599010000225552,"Brielselaan 163C, 3081AC Rotterdam",51.893733,4.477021
Rotterdam,0599010000225556,"Brielselaan 165A, 3081AC Rotterdam",51.893719,4.476958
Rotterdam,0599010000225549,"Brielselaan 165B, 3081AC Rotterdam",51.893719,4.476958
Rotterdam,0599010000225560,"Brielselaan 165C, 3081AC Rotterdam",51.893719,4.476958
Rotterdam,0599010000225553,"Brielselaan 167A, 3081AC Rotterdam",51.893696,4.476842
Rotterdam,0599010000225548,"Brielselaan 167B, 3081AC Rotterdam",51.893696,4.476842
Rotterdam,0599010000225547,"Brielselaan 167C, 3081AC Rotterdam",51.893696,4.476842
Rotterdam,0599010000225559,"Brielselaan 169A, 3081AC Rotterdam",51.893659,4.476659
Rotterdam,0599010000225558,"Brielselaan 169B, 3081AC Rotterdam",51.893659,4.476659
Rotterdam,0599010400036243,"Brielselaan 171, 3081AC Rotterdam",51.893753,4.476735
Rotterdam,0599010400015254,"Brielselaan 175, 3081AC Rotterdam",51.894241,4.475766
Rotterdam,0599010000302975,"Cadetstraat 19, 3077BT Rotterdam",51.901749,4.559500
Rotterdam,0599010000302961,"Cadetstraat 21, 3077BT Rotterdam",51.901794,4.559535
Rotterdam,0599010000302982,"Cadetstraat 23, 3077BT Rotterdam",51.901839,4.559567
Rotterdam,0599010000224709,"Cadetstraat 31, 3077BT Rotterdam",51.902239,4.559871
Rotterdam,0599010000289302,"Cadetstraat 33, 3077BT Rotterdam",51.902284,4.559905
Rotterdam,0599010000154199,"Cadetstraat 35, 3077BT Rotterdam",51.902327,4.559938
Rotterdam,0599010000298752,"Cadetstraat 37, 3077BT Rotterdam",51.902371,4.559971
Rotterdam,0599010000241241,"Cadetstraat 39, 3077BT Rotterdam",51.902416,4.560005
Rotterdam,0599010000270594,"Coolsingel 2, 3011AD Rotterdam",51.924016,4.478573
Rotterdam,0599010000219810,"Coolsingel 5, 3012AA Rotterdam",51.923692,4.477685
Rotterdam,0599010000280553,"Doklaan 30, 3081AD Rotterdam",51.894347,4.472223
Rotterdam,0599010400020458,"Doklaan 40, 3081AD Rotterdam",51.894065,4.473233
Rotterdam,0599010000016615,"Dordtsestraatweg 643A-01, 3075BC Rotterdam",51.881804,4.504539
Rotterdam,0599010000164173,"Dordtsestraatweg 643A-02, 3075BC Rotterdam",51.881804,4.504539
Rotterdam,0599010000024492,"Dordtsestraatweg 643B-SO, 3075BC Rotterdam",51.881804,4.504539
Rotterdam,0599010000101045,"Dordtsestraatweg 643B, 3075BC Rotterdam",51.881804,4.504539
Rotterdam,0599010000271343,"Dordtsestraatweg 643C-01, 3075BC Rotterdam",51.881804,4.504539
Rotterdam,0599010000108558,"Dordtsestraatweg 643C-02, 3075BC Rotterdam",51.881804,4.504539
Rotterdam,0599010000294221,"Dordtsestraatweg 647A-01, 3075BD Rotterdam",51.881762,4.504608
Rotterdam,0599010000294220,"Dordtsestraatweg 647A-02, 3075BD Rotterdam",51.881762,4.504608
Rotterdam,0599010000323934,"Dordtsestraatweg 647B, 3075BD Rotterdam",51.881762,4.504608
Rotterdam,0599010000294217,"Dordtsestraatweg 649A, 3075BD Rotterdam",51.881721,4.504666
Rotterdam,0599010000294160,"Dordtsestraatweg 649B-01, 3075BD Rotterdam",51.881721,4.504666
Rotterdam,0599010000323935,"Dordtsestraatweg 649B-02, 3075BD Rotterdam",51.881721,4.504666
Rotterdam,0599010000294214,"Dordtsestraatweg 651A-01, 3075BD Rotterdam",51.881694,4.504712
Rotterdam,0599010000294208,"Dordtsestraatweg 651A-02, 3075BD Rotterdam",51.881694,4.504712
Rotterdam,0599010000323936,"Dordtsestraatweg 651B, 3075BD Rotterdam",51.881694,4.504712
Rotterdam,0599010000080737,"Dordtsestraatweg 718, 3075BS Rotterdam",51.881824,4.505245
Rotterdam,0599010000224141,"Dordtsestraatweg 720, 3075BS Rotterdam",51.881788,4.505293
Rotterdam,0599010000255200,"Dordtsestraatweg 722, 3075BS Rotterdam",51.881751,4.505340
Rotterdam,0599010000489434,"Essenburgsingel 30B-03, 3021AP Rotterdam",51.922668,4.458932
Rotterdam,0599010000489433,"Essenburgsingel 30B-04, 3021AP Rotterdam",51.922667,4.458930
Rotterdam,0599010000279137,"Essenburgsingel 31A-02, 3021AP Rotterdam",51.922661,4.458852
Rotterdam,0599010000284294,"Essenburgsingel 31A-03, 3021AP Rotterdam",51.922661,4.458852
Rotterdam,0599010000124416,"Essenburgsingel 31B, 3021AP Rotterdam",51.922661,4.458852
Rotterdam,0599010000072422,"Essenburgsingel 32A, 3021AP Rotterdam",51.922655,4.458772
Rotterdam,0599010000097416,"Essenburgsingel 32B-02, 3021AP Rotterdam",51.922655,4.458772
Rotterdam,0599010000284295,"Essenburgsingel 32B-03, 3021AP Rotterdam",51.922655,4.458772
Rotterdam,0599010400005267,"Essenburgsingel 33A, 3021AP Rotterdam",51.922648,4.458697
Rotterdam,0599010000060971,"Essenburgsingel 33B, 3021AP Rotterdam",51.922648,4.458697
Rotterdam,0599010000204139,"Essenburgsingel 34A, 3021AP Rotterdam",51.922642,4.458624
Rotterdam,0599010000281771,"Essenburgsingel 34B-02, 3021AP Rotterdam",51.922642,4.458624
Rotterdam,0599010000054183,"Essenburgsingel 34B-03, 3021AP Rotterdam",51.922642,4.458624
Rotterdam,0599010000167826,"Essenburgsingel 35, 3021AP Rotterdam",51.922638,4.458550
Rotterdam,0599010000243205,"Essenburgsingel 36A, 3021AP Rotterdam",51.922628,4.458432
Rotterdam,0599010000017445,"Essenburgsingel 36B, 3021AP Rotterdam",51.922628,4.458432
Rotterdam,0599010000132297,"Essenlaan 46, 3062NP Rotterdam",51.922614,4.518819
Rotterdam,0599010000283230,"Essenlaan 50, 3062NP Rotterdam",51.922331,4.519006
Rotterdam,0599010000179516,"Essenlaan 56, 3062NP Rotterdam",51.922215,4.518561
Rotterdam,0599010000067425,"Essenlaan 58, 3062NP Rotterdam",51.922164,4.518527
Rotterdam,0599010000091769,"Essenlaan 62, 3062NP Rotterdam",51.922002,4.518452
Rotterdam,0599010000051681,"G.W. Burgerplein 2A, 3021AV Rotterdam",51.922599,4.458241
Rotterdam,0599010000030015,"G.W. Burgerplein 2B, 3021AV Rotterdam",51.922599,4.458241
Rotterdam,0599010000088915,"Groene Wetering 37, 3062PB Rotterdam",51.921343,4.519908
Rotterdam,0599010110048711,"Hofplein 111, 3011AJ Rotterdam",51.924250,4.478907
Rotterdam,0599010110048712,"Hofplein 112, 3011AJ Rotterdam",51.924250,4.478907
Rotterdam,0599010110048713,"Hofplein 113, 3011AJ Rotterdam",51.924250,4.478907
Rotterdam,0599010110048719,"Hofplein 119, 3011AJ Rotterdam",51.924250,4.478907
Rotterdam,0599010000094124,"Hofplein 32, 3011AJ Rotterdam",51.924175,4.478649
Rotterdam,0599010000015079,"Hofplein 33, 3011AJ Rotterdam",51.924106,4.478622
Rotterdam,0599010000315335,"Kolibristraat 11A, 3077CS Rotterdam",51.901678,4.560020
Rotterdam,0599010000252116,"Kolibristraat 11B, 3077CS Rotterdam",51.901722,4.560053
Rotterdam,0599010000314531,"Kolibristraat 13A, 3077CS Rotterdam",51.901764,4.560085
Rotterdam,0599010000246858,"Kolibristraat 13B, 3077CS Rotterdam",51.901807,4.560117
Rotterdam,0599010000337991,"Kolibristraat 15, 3077CS Rotterdam",51.902095,4.560365
Rotterdam,0599010000337992,"Kolibristraat 17, 3077CS Rotterdam",51.902175,4.560433
Rotterdam,0599010000337993,"Kolibristraat 19, 3077CS Rotterdam",51.902256,4.560486
Rotterdam,0599010000329777,"Kolibristraat 9A, 3077CS Rotterdam",51.901588,4.559952
Rotterdam,0599010000246878,"Kolibristraat 9B, 3077CS Rotterdam",51.901633,4.559986
Rotterdam,0599010000064844,"Lambertweg 40, 3062RA Rotterdam",51.921481,4.520801
Rotterdam,0599010000270598,"Lambertweg 41, 3062RA Rotterdam",51.921774,4.521172
Rotterdam,0599010000170199,"Linker Rottekade 11C, 3034NT Rotterdam",51.935150,4.490398
Rotterdam,0599010110009802,"Linker Rottekade 13A-01, 3034NT Rotterdam",51.935085,4.490382
Rotterdam,0599010110009803,"Linker Rottekade 13A-02, 3034NT Rotterdam",51.935083,4.490382
Rotterdam,0599010110009804,"Linker Rottekade 13A-03, 3034NT Rotterdam",51.935084,4.490379
Rotterdam,0599010110009805,"Linker Rottekade 13A-04, 3034NT Rotterdam",51.935082,4.490382
Rotterdam,0599010110009862,"Linker Rottekade 14A-01, 3034NT Rotterdam",51.935035,4.490382
Rotterdam,0599010110009863,"Linker Rottekade 14A-02, 3034NT Rotterdam",51.935037,4.490381
Rotterdam,0599010110009864,"Linker Rottekade 14A-03, 3034NT Rotterdam",51.935038,4.490382
Rotterdam,0599010110009865,"Linker Rottekade 14A-04, 3034NT Rotterdam",51.935036,4.490381
Rotterdam,0599010000294685,"Linker Rottekade 17A, 3034NV Rotterdam",51.934922,4.490362
Rotterdam,0599010110009806,"Linker Rottekade 17B-01, 3034NV Rotterdam",51.934944,4.490370
Rotterdam,0599010110009807,"Linker Rottekade 17B-02, 3034NV Rotterdam",51.934943,4.490368
Rotterdam,0599010110009808,"Linker Rottekade 18A, 3034NV Rotterdam",51.934895,4.490363
Rotterdam,0599010110009809,"Linker Rottekade 18B-01, 3034NV Rotterdam",51.934897,4.490365
Rotterdam,0599010110009810,"Linker Rottekade 18B-02, 3034NV Rotterdam",51.934894,4.490363
Rotterdam,0599010110009811,"Linker Rottekade 19A, 3034NV Rotterdam",51.934853,4.490352
Rotterdam,0599010110009812,"Linker Rottekade 19B-01, 3034NV Rotterdam",51.934853,4.490350
Rotterdam,0599010110009813,"Linker Rottekade 19B-02, 3034NV Rotterdam",51.934852,4.490349
Rotterdam,0599010110009814,"Linker Rottekade 20A-01, 3034NV Rotterdam",51.934807,4.490357
Rotterdam,0599010110009816,"Linker Rottekade 20A-03, 3034NV Rotterdam",51.934808,4.490357
Rotterdam,0599010000162857,"Maaskade 176A, 3071NT Rotterdam",51.910255,4.488670
Rotterdam,0599010000188283,"Maaskade 176B, 3071NT Rotterdam",51.910255,4.488670
Rotterdam,0599010000139313,"Maaskade 176C, 3071NT Rotterdam",51.910255,4.488670
Rotterdam,0599010000145580,"Maaskade 176D, 3071NT Rotterdam",51.910255,4.488670
Rotterdam,0599010000207183,"Maaskade 177A, 3071NT Rotterdam",51.910188,4.488609
Rotterdam,0599010000089859,"Maaskade 177B, 3071NT Rotterdam",51.910188,4.488609
Rotterdam,0599010000039646,"Maaskade 177C, 3071NT Rotterdam",51.910188,4.488609
Rotterdam,0599010000125537,"Maaskade 177D, 3071NT Rotterdam",51.910188,4.488609
Rotterdam,0599010000093746,"Meeuwenstraat 2A, 3071PE Rotterdam",51.910087,4.488817
Rotterdam,0599010000188286,"Meeuwenstraat 2B, 3071PE Rotterdam",51.910087,4.488817
Rotterdam,0599010000042882,"Meeuwenstraat 2C, 3071PE Rotterdam",51.910087,4.488817
Rotterdam,0599010000128088,"Meeuwenstraat 2D, 3071PE Rotterdam",51.910087,4.488817
Rotterdam,0599010000032190,"Meeuwenstraat 4A, 3071PE Rotterdam",51.910054,4.488908
Rotterdam,0599010000046265,"Meeuwenstraat 4B, 3071PE Rotterdam",51.910054,4.488908
Rotterdam,0599010000076120,"Meeuwenstraat 4C, 3071PE Rotterdam",51.910054,4.488908
Rotterdam,0599010000167045,"Meeuwenstraat 4D, 3071PE Rotterdam",51.910054,4.488908
Rotterdam,0599010000272666,"Meeuwenstraat 6A, 3071PE Rotterdam",51.910020,4.489003
Rotterdam,0599010000133202,"Meeuwenstraat 6B, 3071PE Rotterdam",51.910020,4.489003
Rotterdam,0599010000042883,"Meeuwenstraat 6C, 3071PE Rotterdam",51.910020,4.489003
Rotterdam,0599010000219261,"Meeuwenstraat 6D, 3071PE Rotterdam",51.910020,4.489003
Rotterdam,0599010000437287,"Müllerkade 183, 3024EP Rotterdam",51.905045,4.463559
Rotterdam,0599010000437288,"Müllerkade 185, 3024EP Rotterdam",51.905001,4.463587
Rotterdam,0599010000437289,"Müllerkade 187, 3024EP Rotterdam",51.904950,4.463617
Rotterdam,0599010000485325,"Müllerkade 189, Rotterdam",51.904830,4.463693
Rotterdam,0599010000437291,"Müllerkade 191, 3024EP Rotterdam",51.904685,4.463784
Rotterdam,0599010000437294,"Müllerkade 197, 3024EP Rotterdam",51.904638,4.463788
Rotterdam,0599010000437298,"Müllerkade 205, 3024EP Rotterdam",51.904638,4.463788
Rotterdam,0599010000437304,"Müllerkade 217, 3024EP Rotterdam",51.904638,4.463788
Rotterdam,0599010000437318,"Müllerkade 245, 3024EP Rotterdam",51.904638,4.463788
Rotterdam,0599010110018011,"Nijmegenstraat 17, 3087CD Rotterdam",51.889242,4.455869
Rotterdam,0599010400038102,"Nijmegenstraat 21, 3087CD Rotterdam",51.889615,4.454333
Rotterdam,0599010000271753,"Nijmegenstraat 22, 3087CD Rotterdam",51.889242,4.454332
Rotterdam,0599010000277232,"Nijmegenstraat 25, 3087CD Rotterdam",51.890182,4.453331
Rotterdam,0599010110001840,"Nijmegenstraat 27, 3087CD Rotterdam",51.889779,4.452990
Rotterdam,0599010110001841,"Nijmegenstraat 29, 3087CD Rotterdam",51.889808,4.452810
Rotterdam,0599010110001842,"Nijmegenstraat 31, 3087CD Rotterdam",51.889880,4.452393
Rotterdam,0599010110001843,"Nijmegenstraat 33A, 3087CD Rotterdam",51.889943,4.452023
Rotterdam,0599010110001844,"Nijmegenstraat 33B, 3087CD Rotterdam",51.889922,4.452170
Rotterdam,0599010110001845,"Nijmegenstraat 33C, 3087CD Rotterdam",51.889972,4.451873
Rotterdam,0599010000044399,"Nijmegenstraat 42, 3087CD Rotterdam",51.889613,4.451278
Rotterdam,0599010000250669,"Oranjeboomstraat 32A, 3071BA Rotterdam",51.912025,4.502734
Rotterdam,0599010000250670,"Oranjeboomstraat 32B, 3071BA Rotterdam",51.912025,4.502734
Rotterdam,0599010000250671,"Oranjeboomstraat 32C, 3071BA Rotterdam",51.912025,4.502734
Rotterdam,0599010000250672,"Oranjeboomstraat 32D, 3071BA Rotterdam",51.912025,4.502734
Rotterdam,0599010000250673,"Oranjeboomstraat 32E, 3071BA Rotterdam",51.912025,4.502734
Rotterdam,0599010000250674,"Oranjeboomstraat 32F, 3071BA Rotterdam",51.912025,4.502734
Rotterdam,0599010000250675,"Oranjeboomstraat 34, 3071BA Rotterdam",51.911953,4.502849
Rotterdam,0599010000250676,"Oranjeboomstraat 36A, 3071BA Rotterdam",51.911921,4.502897
Rotterdam,0599010000250677,"Oranjeboomstraat 36B, 3071BA Rotterdam",51.911921,4.502897
Rotterdam,0599010000250678,"Oranjeboomstraat 36C, 3071BA Rotterdam",51.911921,4.502897
Rotterdam,0599010000250679,"Oranjeboomstraat 36D, 3071BA Rotterdam",51.911921,4.502897
Rotterdam,0599010000250680,"Oranjeboomstraat 36E, 3071BA Rotterdam",51.911921,4.502897
Rotterdam,0599010000250681,"Oranjeboomstraat 36F, 3071BA Rotterdam",51.911921,4.502897
Rotterdam,0599010000250682,"Oranjeboomstraat 38, 3071BA Rotterdam",51.911869,4.502962
Rotterdam,0599010000247912,"Oranjeboomstraat 40A, 3071BA Rotterdam",51.911808,4.503053
Rotterdam,0599010000247913,"Oranjeboomstraat 40B, 3071BA Rotterdam",51.911808,4.503053
Rotterdam,0599010000247914,"Oranjeboomstraat 40C, 3071BA Rotterdam",51.911808,4.503053
Rotterdam,0599010000247915,"Oranjeboomstraat 40D, 3071BA Rotterdam",51.911808,4.503053
Rotterdam,0599010000247916,"Oranjeboomstraat 40E, 3071BA Rotterdam",51.911808,4.503053
Rotterdam,0599010000247917,"Oranjeboomstraat 40F, 3071BA Rotterdam",51.911808,4.503053
Rotterdam,0599010400020225,"Pannerdenstraat 20, 3087CH Rotterdam",51.888532,4.453962
Rotterdam,0599010000351012,"Pannerdenstraat 21, 3087CH Rotterdam",51.888682,4.455287
Rotterdam,0599010000024898,"Pannerdenstraat 29, 3087CH Rotterdam",51.888829,4.454406
Rotterdam,0599010400020226,"Pannerdenstraat 43, 3087CH Rotterdam",51.889426,4.452546
Rotterdam,0599020000436148,"Parkhaven 11, 3016GM Rotterdam",51.905259,4.465648
Rotterdam,0599020110000542,"Parkhaven 15, 3016GM Rotterdam",51.904810,4.465793
Rotterdam,0599020110000582,"Parkhaven 19, 3016GM Rotterdam",51.904259,4.466120
Rotterdam,0599010000165687,"Parkhaven 20, 3016GM Rotterdam",51.905402,4.466512
Rotterdam,0599020000436147,"Parkhaven 9, 3016GM Rotterdam",51.905528,4.465497
Rotterdam,0599010000254941,"Pompenburg 646, 3011AX Rotterdam",51.924366,4.478928
Rotterdam,0599010000254942,"Pompenburg 652, 3011AX Rotterdam",51.924348,4.478845
Rotterdam,0599010000460630,"Prinsenlaan 900, 3062CT Rotterdam",51.936560,4.534206
Rotterdam,0599010000040930,"Prinsenlaan 902, 3062CT Rotterdam",51.935493,4.533707
Rotterdam,0599010000460632,"Prinsenlaan 906, 3062CT Rotterdam",51.933432,4.534585
Rotterdam,0599010000356347,"Prinsenlaan 910, 3062CT Rotterdam",51.936603,4.533163
Rotterdam,0599010000148088,"Prinsenlaan 912, 3062CT Rotterdam",51.936252,4.532320
Rotterdam,0599010000255161,"Puntegaalstraat 10, 3024EB Rotterdam",51.906818,4.463652
Rotterdam,0599010000205381,"Robert Owenstraat 10, 3045PT Rotterdam",51.945339,4.460886
Rotterdam,0599010000241669,"Robert Owenstraat 11, 3045PT Rotterdam",51.945313,4.461114
Rotterdam,0599010000284619,"Robert Owenstraat 12, 3045PT Rotterdam",51.945291,4.460898
Rotterdam,0599010000199270,"Robert Owenstraat 13, 3045PT Rotterdam",51.945268,4.461126
Rotterdam,0599010000070148,"Robert Owenstraat 14, 3045PT Rotterdam",51.945245,4.460912
Rotterdam,0599010000239148,"Robert Owenstraat 15, 3045PT Rotterdam",51.945224,4.461137
Rotterdam,0599010000158427,"Robert Owenstraat 16, 3045PT Rotterdam",51.945202,4.460923
Rotterdam,0599010000195229,"Robert Owenstraat 17, 3045PT Rotterdam",51.945182,4.461148
Rotterdam,0599010000184036,"Robert Owenstraat 18, 3045PT Rotterdam",51.945158,4.460936
Rotterdam,0599010000057149,"Robert Owenstraat 19, 3045PT Rotterdam",51.945132,4.461161
Rotterdam,0599010000129802,"Robert Owenstraat 2, 3045PT Rotterdam",51.945510,4.460855
Rotterdam,0599010000284620,"Robert Owenstraat 20, 3045PT Rotterdam",51.945110,4.460949
Rotterdam,0599010000110611,"Robert Owenstraat 21, 3045PT Rotterdam",51.945091,4.461171
Rotterdam,0599010000132417,"Robert Owenstraat 22, 3045PT Rotterdam",51.945070,4.460960
Rotterdam,0599010000085243,"Robert Owenstraat 23, 3045PT Rotterdam",51.945056,4.461182
Rotterdam,0599010000091908,"Robert Owenstraat 24, 3045PT Rotterdam",51.945036,4.460970
Rotterdam,0599010000276052,"Robert Owenstraat 4, 3045PT Rotterdam",51.945475,4.460864
Rotterdam,0599010000192696,"Robert Owenstraat 6, 3045PT Rotterdam",51.945429,4.460877
Rotterdam,0599010000054513,"Robert Owenstraat 8, 3045PT Rotterdam",51.945386,4.460889
Rotterdam,0599010000030389,"Robert Owenstraat 9, 3045PT Rotterdam",51.945361,4.461099
Rotterdam,0599010000336477,"Schiekade 29A, 3033BB Rotterdam",51.930178,4.470215
Rotterdam,0599010000338263,"Schiekade 29B, 3033BB Rotterdam",51.930178,4.470215
Rotterdam,0599010000165624,"Schiekade 29C, 3033BB Rotterdam",51.930178,4.470215
Rotterdam,0599010000165188,"Schiekade 31A, 3033BB Rotterdam",51.930178,4.470215
Rotterdam,0599010000103921,"Schiekade 31D, 3033BB Rotterdam",51.930178,4.470215
Rotterdam,0599010000275682,"Schiekade 33A, 3033BB Rotterdam",51.930178,4.470215
Rotterdam,0599010000110197,"Schiekade 33C, 3033BB Rotterdam",51.930178,4.470215
Rotterdam,0599010000121814,"Schiekade 33G, 3033BB Rotterdam",51.930178,4.470215
Rotterdam,0599010000107565,"Schiekade 33H, 3033BB Rotterdam",51.930178,4.470215
Rotterdam,0599010000103923,"Schiekade 35D, 3033BB Rotterdam",51.930178,4.470215
Rotterdam,0599010000103198,"Schiekade 35E, 3033BB Rotterdam",51.930178,4.470215
Rotterdam,0599010000092285,"Schiekade 35H, 3033BB Rotterdam",51.930178,4.470215
Rotterdam,0599010000094156,"Schiekade 37G, 3033BC Rotterdam",51.930178,4.470215
Rotterdam,0599010000096963,"Schiekade 39B, 3033BC Rotterdam",51.930178,4.470215
Rotterdam,0599010000093876,"Schiekade 39D, 3033BC Rotterdam",51.930178,4.470215
Rotterdam,0599010000096366,"Schiekade 39G, 3033BC Rotterdam",51.930178,4.470215
Rotterdam,0599010000215444,"Schiekade 41D, 3033BC Rotterdam",51.930178,4.470215
Rotterdam,0599010000094936,"Schiekade 41H, 3033BC Rotterdam",51.930178,4.470215
Rotterdam,0599010000094933,"Schiekade 43G, 3033BC Rotterdam",51.930178,4.470215
Rotterdam,0599010000094934,"Schiekade 43H, 3033BC Rotterdam",51.930178,4.470215
Rotterdam,0599010000179537,"Sint-Jobsweg 2A, 3024EJ Rotterdam",51.906170,4.463087
Rotterdam,0599010000185995,"Sint-Jobsweg 2B, 3024EJ Rotterdam",51.906170,4.463087
Rotterdam,0599010000461087,"Sint-Jobsweg 6, 3024EJ Rotterdam",51.905847,4.463360
Rotterdam,0599010000337985,"Tornadostraat 16, 3077CT Rotterdam",51.902073,4.560445
Rotterdam,0599010000337986,"Tornadostraat 18, 3077CT Rotterdam",51.902153,4.560506
Rotterdam,0599010000337987,"Tornadostraat 20, 3077CT Rotterdam",51.902233,4.560567
Rotterdam,0599010000157281,"Van Lennepstraat 1, 3027SP Rotterdam",51.918229,4.431969
Rotterdam,0599010000300161,"Van Lennepstraat 11, 3027SP Rotterdam",51.918229,4.431969
Rotterdam,0599010000300139,"Van Lennepstraat 13, 3027SP Rotterdam",51.918229,4.431969
Rotterdam,0599010000328096,"Van Lennepstraat 15, 3027SP Rotterdam",51.918229,4.431969
Rotterdam,0599010000300149,"Van Lennepstraat 21, 3027SP Rotterdam",51.917971,4.431905
Rotterdam,0599010000300156,"Van Lennepstraat 23, 3027SP Rotterdam",51.917971,4.431905
Rotterdam,0599010000300142,"Van Lennepstraat 25, 3027SP Rotterdam",51.917971,4.431905
Rotterdam,0599010000300160,"Van Lennepstraat 27, 3027SP Rotterdam",51.917838,4.431887
Rotterdam,0599010000300153,"Van Lennepstraat 29, 3027SP Rotterdam",51.917838,4.431887
Rotterdam,0599010000300158,"Van Lennepstraat 3, 3027SP Rotterdam",51.918229,4.431969
Rotterdam,0599010000300144,"Van Lennepstraat 31, 3027SR Rotterdam",51.917838,4.431887
Rotterdam,0599010000300137,"Van Lennepstraat 33, 3027SR Rotterdam",51.917838,4.431887
Rotterdam,0599010000186561,"Van Lennepstraat 35, 3027SR Rotterdam",51.917838,4.431887
Rotterdam,0599010000297668,"Van Lennepstraat 37, 3027SR Rotterdam",51.917838,4.431887
Rotterdam,0599010000254756,"Van Lennepstraat 39, 3027SR Rotterdam",51.917838,4.431887
Rotterdam,0599010000254755,"Van Lennepstraat 41, 3027SR Rotterdam",51.917838,4.431887
Rotterdam,0599010000300145,"Van Lennepstraat 5, 3027SP Rotterdam",51.918229,4.431969
Rotterdam,0599010000300148,"Van Lennepstraat 7, 3027SP Rotterdam",51.918229,4.431969
Rotterdam,0599010000300132,"Van Lennepstraat 9, 3027SP Rotterdam",51.918229,4.431969
Rotterdam,0599010000205271,"Van Somerenweg 39, 3062RG Rotterdam",51.921739,4.521500
Rotterdam,0599010000289609,"Van Somerenweg 45, 3062RG Rotterdam",51.921305,4.520731
Rotterdam,0599010000286070,"Viervantstraat 108, 3066PC Rotterdam",51.935778,4.538235
Rotterdam,0599010000112114,"Viervantstraat 116, 3066PC Rotterdam",51.935778,4.538235
Rotterdam,0599010000238036,"Viervantstraat 124, 3066PC Rotterdam",51.935778,4.538235
Rotterdam,0599010000123666,"Viervantstraat 132, 3066PC Rotterdam",51.935778,4.538235
Rotterdam,0599010000036837,"Viervantstraat 14, 3066PA Rotterdam",51.935778,4.538235
Rotterdam,0599010000269585,"Viervantstraat 170, 3066PD Rotterdam",51.935778,4.538235
Rotterdam,0599010000025354,"Viervantstraat 20, 3066PA Rotterdam",51.935778,4.538235
Rotterdam,0599010000293732,"Viervantstraat 254, 3066PG Rotterdam",51.935778,4.538235
Rotterdam,0599010000020151,"Viervantstraat 268, 3066PG Rotterdam",51.935778,4.538235
Rotterdam,0599010000222482,"Viervantstraat 270, 3066PG Rotterdam",51.935778,4.538235
Rotterdam,0599010000058599,"Viervantstraat 274, 3066PG Rotterdam",51.935778,4.538235
Rotterdam,0599010000293730,"Viervantstraat 32, 3066PA Rotterdam",51.935778,4.538235
Rotterdam,0599010000047001,"Viervantstraat 72, 3066PB Rotterdam",51.935778,4.538235
Rotterdam,0599010000090827,"Viervantstraat 82, 3066PB Rotterdam",51.935778,4.538235
Rotterdam,0599010000206819,"Viervantstraat 96, 3066PB Rotterdam",51.935778,4.538235
Rotterdam,0599010000434583,"Waalhaven O.z. 81, 3087BM Rotterdam",51.886829,4.456617
Rotterdam,0599010000020022,"Weena 4, 3012CM Rotterdam",51.923729,4.477385
Rotterdam,0599010000076681,"Weena 6, 3012CM Rotterdam",51.923711,4.477293
Rotterdam,0599010000196964,"Weena 95, 3013CH Rotterdam",51.924901,4.476963
Rotterdam,0599010000188831,"Weena 99, 3013CH Rotterdam",51.924863,4.476773
Rotterdam,0599010000219127,"West-Varkenoordseweg 249A, 3074HW Rotterdam",51.893016,4.517297
Rotterdam,0599010000288481,"West-Varkenoordseweg 249B, 3074HW Rotterdam",51.893016,4.517297
Rotterdam,0599010000099078,"West-Varkenoordseweg 249C, 3074HW Rotterdam",51.893016,4.517297
Rotterdam,0599010000017287,"West-Varkenoordseweg 251A, 3074HW Rotterdam",51.892975,4.517322
Rotterdam,0599010000222291,"West-Varkenoordseweg 251B, 3074HW Rotterdam",51.892975,4.517322
Rotterdam,0599010000037054,"West-Varkenoordseweg 251C, 3074HW Rotterdam",51.892975,4.517322
Rotterdam,0599010000070868,"West-Varkenoordseweg 253A, 3074HW Rotterdam",51.892934,4.517349
Rotterdam,0599010000027755,"West-Varkenoordseweg 253B, 3074HW Rotterdam",51.892934,4.517349
Rotterdam,0599010400009142,"West-Varkenoordseweg 253C, 3074HW Rotterdam",51.892934,4.517349
Rotterdam,0599010000185311,"West-Varkenoordseweg 255B, 3074HW Rotterdam",51.892890,4.517377
Rotterdam,0599010000234501,"West-Varkenoordseweg 255C, 3074HW Rotterdam",51.892890,4.517377
Rotterdam,0599010000234502,"West-Varkenoordseweg 257A, 3074HW Rotterdam",51.892850,4.517402
Rotterdam,0599010000285888,"West-Varkenoordseweg 257B, 3074HW Rotterdam",51.892850,4.517402
Rotterdam,0599010000068836,"West-Varkenoordseweg 257C, 3074HW Rotterdam",51.892850,4.517402
Rotterdam,0599010000101744,"West-Varkenoordseweg 259A, 3074HW Rotterdam",51.892807,4.517428
Rotterdam,0599010000193972,"West-Varkenoordseweg 259B, 3074HW Rotterdam",51.892807,4.517428
Rotterdam,0599010000195930,"West-Varkenoordseweg 259C, 3074HW Rotterdam",51.892807,4.517428
Rotterdam,0599010000031055,"West-Varkenoordseweg 261A, 3074HW Rotterdam",51.892766,4.517458
Rotterdam,0599010000153542,"West-Varkenoordseweg 261B, 3074HW Rotterdam",51.892766,4.517458
Rotterdam,0599010000017286,"West-Varkenoordseweg 261C, 3074HW Rotterdam",51.892766,4.517458
Rotterdam,0599010000476139,"Wijnhaven 33A, 3011WH Rotterdam",51.918474,4.490266
Rotterdam,0599010000476145,"Wijnhaven 35A, 3011WH Rotterdam",51.918474,4.490266
Rotterdam,0599010000476146,"Wijnhaven 35B, 3011WH Rotterdam",51.918474,4.490266
Rotterdam,0599010000476152,"Wijnhaven 37B, 3011WH Rotterdam",51.918474,4.490266
Rotterdam,0599010000476157,"Wijnhaven 37G, 3011WH Rotterdam",51.918474,4.490266
Rotterdam,0599010000476158,"Wijnhaven 37H, 3011WH Rotterdam",51.918474,4.490266
Rotterdam,0599010000476166,"Wijnhaven 39H, 3011WH Rotterdam",51.918474,4.490266
Rotterdam,0599010000476168,"Wijnhaven 41B, 3011WH Rotterdam",51.918474,4.490266
Rotterdam,0599010000476173,"Wijnhaven 41G, 3011WH Rotterdam",51.918474,4.490266
Rotterdam,0599010000476176,"Wijnhaven 43C, 3011WH Rotterdam",51.918474,4.490266
Rotterdam,0599010000476177,"Wijnhaven 43D, 3011WH Rotterdam",51.918474,4.490266
Rotterdam,0599010000476181,"Wijnhaven 45B, 3011WH Rotterdam",51.918474,4.490266
Rotterdam,0599010000476182,"Wijnhaven 45C, 3011WH Rotterdam",51.918474,4.490266
Rotterdam,0599010000476190,"Wijnhaven 49A, 3011WH Rotterdam",51.918474,4.490266
Rotterdam,0599010000476191,"Wijnhaven 49B, 3011WH Rotterdam",51.918474,4.490266
Rotterdam,0599010000476193,"Wijnhaven 49D, 3011WH Rotterdam",51.918474,4.490266
Rotterdam,0599010000476196,"Wijnhaven 51C, 3011WH Rotterdam",51.918474,4.490266
Rotterdam,0599010000476198,"Wijnhaven 53A, 3011WH Rotterdam",51.918474,4.490266
Rotterdam,0599010000476212,"Wijnhaven 55, Rotterdam",51.918440,4.490212
Rotterdam,0599010110011380,"Wijnhaven 59, 3011WJ Rotterdam",51.918299,4.489498
Rotterdam,0599020000002053,"Woudrichemstraat 20, 3087BR Rotterdam",51.886047,4.455001
Rotterdam,0599010000274028,"Zuideras 19, 3075SN Rotterdam",51.882254,4.505398
Rotterdam,0599010000075944,"Zuideras 21, 3075SN Rotterdam",51.882219,4.505443
Utrecht,0344010000048496,"Abraham Bloemaertstraat 13, 3514VN Utrecht",52.099838,5.119809
Utrecht,0344010000048498,"Abraham Bloemaertstraat 15, 3514VN Utrecht",52.099882,5.119827
Utrecht,0344010000145875,"Abraham Bloemaertstraat 17, 3514VN Utrecht",52.099929,5.119846
Utrecht,0344010000048501,"Abraham Bloemaertstraat 19, 3514VN Utrecht",52.099976,5.119867
Utrecht,0344010000145876,"Abraham Bloemaertstraat 21, 3514VN Utrecht",52.100025,5.119887
Utrecht,0344010000048504,"Abraham Bloemaertstraat 23, 3514VN Utrecht",52.100042,5.119894
Utrecht,0344010000107306,"Abraham Bloemaertstraat 23A, 3514VN Utrecht",52.100054,5.119899
Utrecht,0344010000107307,"Abraham Bloemaertstraat 23B, 3514VN Utrecht",52.100067,5.119904
Utrecht,0344010000120704,"Abraham Bloemaertstraat 25, 3514VN Utrecht",52.100080,5.119910
Utrecht,0344010000001787,"Abstederdijk 180, 3582BV Utrecht",52.084799,5.135071
Utrecht,0344010000123892,"Abstederdijk 180A, 3582BV Utrecht",52.084792,5.135110
Utrecht,0344010000039328,"Amsterdamsestraatweg 1, 3513AA Utrecht",52.095829,5.109383
Utrecht,0344010000047169,"Aquamarijnlaan 19, 3523EK Utrecht",52.072089,5.122916
Utrecht,0344010000047170,"Aquamarijnlaan 21, 3523EK Utrecht",52.072081,5.122942
Utrecht,0344010000047171,"Aquamarijnlaan 23, 3523EK Utrecht",52.072060,5.123008
Utrecht,0344010000000100,"Aquamarijnlaan 23A, 3523EK Utrecht",52.072018,5.123089
Utrecht,0344010000188841,"Archimedeslaan 1, 3584BA Utrecht",52.095298,5.150591
Utrecht,0344010000076627,"Archimedeslaan 6, 3584BA Utrecht",52.094580,5.153205
Utrecht,0344010000203671,"Archimedeslaan 6A, 3584BA Utrecht",52.094644,5.153152
Utrecht,0344010000047794,"Biltsestraatweg 102, 3573PS Utrecht",52.097756,5.151258
Utrecht,0344010000147742,"Biltsestraatweg 108, 3573PS Utrecht",52.097642,5.150435
Utrecht,0344010000077157,"Biltsestraatweg 150, 3573PS Utrecht",52.097226,5.147363
Utrecht,0344010000077158,"Biltsestraatweg 160, 3573PS Utrecht",52.097072,5.147036
Utrecht,0344010000112305,"Biltsestraatweg 225D-B, 3584BE Utrecht",52.096357,5.148513
Utrecht,0344010000156098,"Biltsestraatweg 225D-C, 3584BE Utrecht",52.095797,5.147754
Utrecht,0344010000112306,"Biltsestraatweg 225D-E, 3584BE Utrecht",52.095675,5.147430
Utrecht,0344010000112307,"Biltsestraatweg 225D-G, 3584BE Utrecht",52.095023,5.146791
Utrecht,0344010000170190,"Biltsestraatweg 225D-H, 3584BE Utrecht",52.096500,5.147813
Utrecht,0344010000112308,"Biltsestraatweg 225D-L, 3584BE Utrecht",52.096442,5.147373
Utrecht,0344010000156099,"Biltsestraatweg 225D-M, 3584BE Utrecht",52.096037,5.147319
Utrecht,0344010000112873,"Biltsestraatweg 225D-O, 3584BE Utrecht",52.095357,5.147375
Utrecht,0344010000112309,"Biltsestraatweg 225D-T, 3584BE Utrecht",52.095562,5.147038
Utrecht,0344010000112872,"Biltsestraatweg 225D-TR, 3584BE Utrecht",52.095636,5.147507
Utrecht,0344010000097875,"Blaeulaan 60, 3528AD Utrecht",52.065780,5.078639
Utrecht,0344010000107169,"Blaeulaan 60A, 3528AD Utrecht",52.066004,5.079267
Utrecht,0344010000035950,"Budapestlaan 17, 3584CD Utrecht",52.088062,5.170262
Utrecht,0344010000156257,"Budapestlaan 8, 3584CD Utrecht",52.088212,5.167514
Utrecht,0344010000007911,"Daalsesingel 1, 3511SV Utrecht",52.094373,5.109688
Utrecht,0344010000007913,"Daalsetunnel 101, 3513AG Utrecht",52.094418,5.108975
Utrecht,0344010000056752,"Daalseweg 223, 3555SV Utrecht",52.121572,5.074561
Utrecht,0344010000056753,"Daalseweg 225, 3555SV Utrecht",52.121605,5.074507
Utrecht,0344010000146796,"Daalseweg 227, 3555SV Utrecht",52.121618,5.074487
Utrecht,0344010000122392,"Daalseweg 229, 3555SV Utrecht",52.121701,5.074344
Utrecht,0344010000052355,"Daalseweg 231, 3555SV Utrecht",52.121733,5.074290
Utrecht,0344010000147349,"Daalseweg 233, 3555SV Utrecht",52.121764,5.074240
Utrecht,0344010000052356,"Daalseweg 235, 3555SV Utrecht",52.121797,5.074183
Utrecht,0344010000052357,"Daalseweg 237, 3555SV Utrecht",52.121830,5.074129
Utrecht,0344010000052358,"Daalseweg 239, 3555SV Utrecht",52.121862,5.074075
Utrecht,0344010000052359,"Daalseweg 241, 3555SV Utrecht",52.121894,5.074021
Utrecht,0344010000156159,"Daalseweg 243, 3555SV Utrecht",52.121926,5.073967
Utrecht,0344010000052360,"Daalseweg 245, 3555SV Utrecht",52.121965,5.073905
Utrecht,0344010000147350,"Daalseweg 249, 3555SV Utrecht",52.121978,5.073882
Utrecht,0344010000122393,"Daalseweg 251, 3555SV Utrecht",52.122073,5.073720
Utrecht,0344010000217187,"Daalseweg 253, 3555SV Utrecht",52.122125,5.073620
Utrecht,0344010000052362,"Daalseweg 255, 3555SV Utrecht",52.122204,5.073486
Utrecht,0344020000000114,"Daalseweg 255A, 3555SV Utrecht",52.122663,5.073899
Utrecht,0344030000000028,"Daalseweg 257, 3555SV Utrecht",52.122387,5.073472
Utrecht,0344030000000108,"Daalseweg 257A, 3555SV Utrecht",52.122342,5.073336
Utrecht,0344030000000061,"Daalseweg 259, 3555SV Utrecht",52.122499,5.073636
Utrecht,0344010000054250,"Domplein 10, 3512JC Utrecht",52.090936,5.120999
Utrecht,0344010000054258,"Domplein 17-BS, 3512JD Utrecht",52.090768,5.120840
Utrecht,0344010000146618,"Domplein 17-BSA, 3512JD Utrecht",52.090756,5.120847
Utrecht,0344010000054323,"Domplein 17-BSB, 3512JD Utrecht",52.090744,5.120854
Utrecht,0344010000054325,"Domplein 20-BS, 3512JD Utrecht",52.090657,5.120904
Utrecht,0344010000054324,"Domplein 20, 3512JD Utrecht",52.090669,5.120897
Utrecht,0344010000054326,"Domplein 21, 3512JE Utrecht",52.090617,5.121432
Utrecht,0344010000054327,"Domplein 21A, 3512JE Utrecht",52.090538,5.121484
Utrecht,0344010000156357,"Domplein 21B, Utrecht",52.090576,5.121437
Utrecht,0344010000054328,"Domplein 22, 3512JE Utrecht",52.090435,5.121537
Utrecht,0344010000156821,"Domplein 23-BS, 3512JE Utrecht",52.090406,5.121551
Utrecht,0344010000146739,"Domplein 23, 3512JE Utrecht",52.090419,5.121546
Utrecht,0344010000053003,"Domplein 5, 3512JC Utrecht",52.090981,5.121164
Utrecht,0344010000053005,"Domplein 8-BS, 3512JC Utrecht",52.090969,5.121113
Utrecht,0344010000053004,"Domplein 8, 3512JC Utrecht",52.090973,5.121132
Utrecht,0344010000054249,"Domplein 9-BS, 3512JC Utrecht",52.090948,5.121037
Utrecht,0344010000054248,"Domplein 9, 3512JC Utrecht",52.090953,5.121057
Utrecht,0344010000077581,"Enghlaan 1, 3543BD Utrecht",52.101954,5.031499
Utrecht,0344010000077738,"Enghlaan 1A, 3543BD Utrecht",52.102146,5.031284
Utrecht,0344010000122186,"Enghlaan 2, 3543BD Utrecht",52.102724,5.030760
Utrecht,0344010000153423,"Enghlaan 3, 3543BD Utrecht",52.102292,5.031592
Utrecht,0344010000104522,"Enghlaan 3A, 3543BD Utrecht",52.102600,5.031765
Utrecht,0344010000077739,"Enghlaan 4, 3543BD Utrecht",52.103405,5.031120
Utrecht,0344010000077740,"Enghlaan 5, 3543BD Utrecht",52.102942,5.031945
Utrecht,0356010000065879,"Galecopperdijk 20, 3438PG Nieuwegein",52.058195,5.085521
Utrecht,0344010000135990,"Harvardlaan 10, 3584CV Utrecht",52.090306,5.172218
Utrecht,0344010000223091,"Harvardlaan 10, 3584CV Utrecht",52.089950,5.171508
Utrecht,0344010000160211,"Harvardlaan 2, 3584CV Utrecht",52.089362,5.175886
Utrecht,0344010000055805,"Havikstraat 44, 3514TS Utrecht",52.099898,5.120290
Utrecht,0344010000148208,"Havikstraat 46-BS, 3514TS Utrecht",52.099936,5.120306
Utrecht,0344010000055808,"Havikstraat 46, 3514TS Utrecht",52.099949,5.120312
Utrecht,0344010000123099,"Havikstraat 48-BS, 3514TS Utrecht",52.099983,5.120326
Utrecht,0344010000055810,"Havikstraat 48, 3514TS Utrecht",52.099995,5.120331
Utrecht,0344010000200403,"Hebe Kohlbruggeweg 28, 3527MD Utrecht",52.079914,5.104893
Utrecht,0344010000200404,"Hebe Kohlbruggeweg 30, 3527MD Utrecht",52.079958,5.104935
Utrecht,0344010000200405,"Hebe Kohlbruggeweg 32, 3527MD Utrecht",52.080000,5.104983
Utrecht,0344010000200406,"Hebe Kohlbruggeweg 34, 3527MD Utrecht",52.080047,5.105028
Utrecht,0344010000200408,"Hebe Kohlbruggeweg 38, 3527MD Utrecht",52.080106,5.105076
Utrecht,0344010000200409,"Hebe Kohlbruggeweg 40, 3527MD Utrecht",52.080106,5.105076
Utrecht,0344010000200410,"Hebe Kohlbruggeweg 42, 3527MD Utrecht",52.080106,5.105076
Utrecht,0344010000200411,"Hebe Kohlbruggeweg 44, 3527MD Utrecht",52.080106,5.105076
Utrecht,0344010000200412,"Hebe Kohlbruggeweg 46, 3527MD Utrecht",52.080106,5.105076
Utrecht,0344010000200413,"Hebe Kohlbruggeweg 48, 3527MD Utrecht",52.080106,5.105076
Utrecht,0344010000200414,"Hebe Kohlbruggeweg 50, 3527MD Utrecht",52.080106,5.105076
Utrecht,0344010000200415,"Hebe Kohlbruggeweg 52, 3527MD Utrecht",52.080106,5.105076
Utrecht,0344010000200416,"Hebe Kohlbruggeweg 54, 3527MD Utrecht",52.080106,5.105076
Utrecht,0344010000200418,"Hebe Kohlbruggeweg 58, 3527MD Utrecht",52.080108,5.105079
Utrecht,0344010000200421,"Hebe Kohlbruggeweg 64, 3527MD Utrecht",52.080106,5.105076
Utrecht,0344010000200423,"Hebe Kohlbruggeweg 68, 3527MD Utrecht",52.080106,5.105076
Utrecht,0344010000200428,"Hebe Kohlbruggeweg 78, 3527MD Utrecht",52.080106,5.105076
Utrecht,0344010000200430,"Hebe Kohlbruggeweg 82, 3527MD Utrecht",52.080106,5.105076
Utrecht,0344010000200432,"Hebe Kohlbruggeweg 86, 3527MD Utrecht",52.080108,5.105079
Utrecht,0344010000200433,"Hebe Kohlbruggeweg 88, 3527MD Utrecht",52.080108,5.105079
Utrecht,0344010000175518,"Helsinkilaan 1, 3584CB Utrecht",52.083316,5.165493
Utrecht,0344010000118504,"Heringastraat 16, 3551XL Utrecht",52.103604,5.097951
Utrecht,0344010000099109,"Heringastraat 18, 3551XL Utrecht",52.103643,5.098005
Utrecht,0344010000127878,"Heringastraat 20, 3551XL Utrecht",52.103682,5.098059
Utrecht,0344010000099680,"Heringastraat 22, 3551XL Utrecht",52.103720,5.098113
Utrecht,0344010000118505,"Heringastraat 24, 3551XL Utrecht",52.103759,5.098167
Utrecht,0344010000099681,"Heringastraat 26, 3551XL Utrecht",52.103798,5.098222
Utrecht,0344010000099682,"Heringastraat 28, 3551XL Utrecht",52.103837,5.098276
Utrecht,0344010000118506,"Heringastraat 30, 3551XL Utrecht",52.103850,5.098295
Utrecht,0344010000107276,"Hof ter Weydeweg 14, 3451ST Vleuten",52.102018,5.027789
Utrecht,0344010000125085,"Hof ter Weydeweg 15, 3451ST Vleuten",52.102488,5.028563
Utrecht,0344010000155656,"Hof ter Weydeweg 16, 3451ST Vleuten",52.102454,5.029103
Utrecht,0344010000114747,"Hondiuslaan 102, 3528AC Utrecht",52.065329,5.080934
Utrecht,0344010000192958,"Hondiuslaan 114, 3528AC Utrecht",52.065381,5.080079
Utrecht,0344010000097459,"Hondiuslaan 40, 3528AB Utrecht",52.066145,5.079900
Utrecht,0344010000168850,"Hoogstraat 1, 3552XJ Utrecht",52.105132,5.109566
Utrecht,0344010000057028,"Hoogstraat 11, 3552XJ Utrecht",52.105318,5.109687
Utrecht,0344010000057030,"Hoogstraat 13, 3552XJ Utrecht",52.105356,5.109680
Utrecht,0344010000146497,"Hoogstraat 15, 3552XJ Utrecht",52.105395,5.109678
Utrecht,0344010000194150,"Hoogstraat 17, 3552XJ Utrecht",52.105448,5.109674
Utrecht,0344010000194151,"Hoogstraat 17A, 3552XJ Utrecht",52.105431,5.109673
Utrecht,0344010000168852,"Hoogstraat 1A, 3552XJ Utrecht",52.105121,5.109552
Utrecht,0344010000055782,"Hoogstraat 2, 3552XM Utrecht",52.105312,5.109415
Utrecht,0344010000055783,"Hoogstraat 2A, 3552XM Utrecht",52.105216,5.109407
Utrecht,0344010000158663,"Hoogstraat 3, 3552XJ Utrecht",52.105158,5.109622
Utrecht,0344010000158662,"Hoogstraat 3A, 3552XJ Utrecht",52.105145,5.109656
Utrecht,0344010000158661,"Hoogstraat 3B, 3552XJ Utrecht",52.105153,5.109691
Utrecht,0344010000123097,"Hoogstraat 5, 3552XJ Utrecht",52.105204,5.109674
Utrecht,0344010000055786,"Hoogstraat 7, 3552XJ Utrecht",52.105242,5.109682
Utrecht,0344010000146496,"Hoogstraat 9, 3552XJ Utrecht",52.105281,5.109678
Utrecht,0344010000047346,"Jan van Arkelstraat 1, 3523VE Utrecht",52.071927,5.123339
Utrecht,0344010000047353,"Jan van Arkelstraat 11, 3523VE Utrecht",52.071678,5.123228
Utrecht,0344010000147269,"Jan van Arkelstraat 13, 3523VE Utrecht",52.071626,5.123207
Utrecht,0344010000047347,"Jan van Arkelstraat 3, 3523VE Utrecht",52.071909,5.123332
Utrecht,0344010000047349,"Jan van Arkelstraat 5, 3523VE Utrecht",52.071857,5.123309
Utrecht,0344010000047350,"Jan van Arkelstraat 7, 3523VE Utrecht",52.071805,5.123287
Utrecht,0344010000147268,"Jan van Arkelstraat 9, 3523VE Utrecht",52.071695,5.123237
Utrecht,0344010000193830,"Janssoniuslaan 1001T, Utrecht",52.065075,5.081417
Utrecht,0344010000097933,"Janssoniuslaan 41, 3528AH Utrecht",52.066008,5.081809
Utrecht,0344010000003599,"Joan Röellstraat 12, 3551XJ Utrecht",52.104060,5.097349
Utrecht,0344010000118508,"Joan Röellstraat 13, 3551XJ Utrecht",52.103740,5.097565
Utrecht,0344010000099687,"Joan Röellstraat 15, 3551XJ Utrecht",52.103780,5.097620
Utrecht,0344010000099688,"Joan Röellstraat 17, 3551XJ Utrecht",52.103818,5.097674
Utrecht,0344010000118509,"Joan Röellstraat 19, 3551XJ Utrecht",52.103857,5.097728
Utrecht,0344010000099689,"Joan Röellstraat 21, 3551XJ Utrecht",52.103896,5.097782
Utrecht,0344010000099690,"Joan Röellstraat 23, 3551XJ Utrecht",52.103935,5.097836
Utrecht,0344010000118510,"Joan Röellstraat 25, 3551XJ Utrecht",52.103973,5.097891
Utrecht,0344010000099691,"Joan Röellstraat 27, 3551XJ Utrecht",52.104012,5.097945
Utrecht,0344010000099692,"Joan Röellstraat 29, 3551XJ Utrecht",52.104026,5.097964
Utrecht,0344010000144307,"Johannes de Bekastraat 4-BS, 3514VM Utrecht",52.100124,5.120182
Utrecht,0344010000047251,"Johannes de Bekastraat 4, 3514VM Utrecht",52.100127,5.120164
Utrecht,0344010000123730,"Johannes de Bekastraat 6, 3514VM Utrecht",52.100144,5.120080
Utrecht,0344010000047252,"Johannes de Bekastraat 8, 3514VM Utrecht",52.100157,5.120000
Utrecht,0344010000107308,"Johannes de Bekastraat 8A, 3514VM Utrecht",52.100160,5.119973
Utrecht,0344010000107309,"Johannes de Bekastraat 8B, 3514VM Utrecht",52.100164,5.119953
Utrecht,0344010000010912,"Kasaidreef 117, 3564AV Utrecht",52.118105,5.108612
Utrecht,0344010000010913,"Kasaidreef 119, 3564AV Utrecht",52.118105,5.108612
Utrecht,0344010000121271,"Kasaidreef 123, 3564AV Utrecht",52.118105,5.108612
Utrecht,0344010000132403,"Kasaidreef 125, 3564AV Utrecht",52.118105,5.108612
Utrecht,0344010000010914,"Kasaidreef 127, 3564AV Utrecht",52.118105,5.108612
Utrecht,0344010000035582,"Kasaidreef 129, 3564AV Utrecht",52.118105,5.108612
Utrecht,0344010000121272,"Kasaidreef 131, 3564AV Utrecht",52.118105,5.108612
Utrecht,0344010000121273,"Kasaidreef 137, 3564AV Utrecht",52.118105,5.108612
Utrecht,0344010000010917,"Kasaidreef 139, 3564AV Utrecht",52.118105,5.108612
Utrecht,0344010000121274,"Kasaidreef 141, 3564AV Utrecht",52.118105,5.108612
Utrecht,0344010000010918,"Kasaidreef 143, 3564AV Utrecht",52.118105,5.108612
Utrecht,0344010000035583,"Kasaidreef 145, 3564AV Utrecht",52.118105,5.108612
Utrecht,0344010000010919,"Kasaidreef 147, 3564AV Utrecht",52.118105,5.108612
Utrecht,0344010000121275,"Kasaidreef 149, 3564AV Utrecht",52.118105,5.108612
Utrecht,0344010000035584,"Kasaidreef 153, 3564AV Utrecht",52.118105,5.108612
Utrecht,0344010000121276,"Kasaidreef 157, 3564AV Utrecht",52.118105,5.108612
Utrecht,0344010000010921,"Kasaidreef 159, 3564AV Utrecht",52.118105,5.108612
Utrecht,0344010000010924,"Kasaidreef 167, 3564AV Utrecht",52.118105,5.108612
Utrecht,0344010000121278,"Kasaidreef 169, 3564AV Utrecht",52.118105,5.108612
Utrecht,0344010000010460,"Kasaidreef 171, 3564AV Utrecht",52.118105,5.108612
Utrecht,0344010000063976,"Lauwerecht 223, 3552XB Utrecht",52.105031,5.109700
Utrecht,0344010000125496,"Lauwerecht 225, 3552XB Utrecht",52.105059,5.109639
Utrecht,0344010000168851,"Lauwerecht 227, 3552XB Utrecht",52.105065,5.109588
Utrecht,0344010000149632,"Lauwerecht 229, 3552XB Utrecht",52.105198,5.109328
Utrecht,0344010000060946,"Leidseweg 90, 3531BG Utrecht",52.087451,5.095989
Utrecht,0344010000205294,"Leidseweg 90, 3531BG Utrecht",52.087639,5.096333
Utrecht,0344010000205295,"Leidseweg 90A, 3531BG Utrecht",52.087422,5.096037
Utrecht,0344010000060947,"Leidseweg 90A, 3531BG Utrecht",52.087451,5.095989
Utrecht,0344010000205296,"Leidseweg 90B, 3531BG Utrecht",52.087422,5.096037
Utrecht,0344010000060948,"Leidseweg 90B, 3531BG Utrecht",52.087451,5.095989
Utrecht,0344010000205297,"Leidseweg 90C, 3531BG Utrecht",52.087422,5.096037
Utrecht,0344010000060949,"Leidseweg 90C, 3531BG Utrecht",52.087451,5.095989
Utrecht,0344010000205298,"Leidseweg 90D, 3531BG Utrecht",52.087422,5.096037
Utrecht,0344010000205299,"Leidseweg 90E, 3531BG Utrecht",52.087422,5.096037
Utrecht,0344010000205300,"Leidseweg 90F, 3531BG Utrecht",52.087422,5.096037
Utrecht,0344010000125866,"Merkesstraat 1, 3584BG Utrecht",52.096204,5.146147
Utrecht,0344010000065326,"Merkesstraat 2, 3584BG Utrecht",52.096191,5.146127
Utrecht,0344010000065327,"Merkesstraat 3, 3584BG Utrecht",52.095942,5.146039
Utrecht,0344010000071022,"Muntkade 1-BS, 3531AK Utrecht",52.086665,5.096791
Utrecht,0344010000071023,"Muntkade 1-BSA, 3531AK Utrecht",52.086657,5.096808
Utrecht,0344010000151761,"Muntkade 1-BSB, 3531AK Utrecht",52.086649,5.096825
Utrecht,0344010000210722,"Muntkade 1, 3531AK Utrecht",52.086641,5.096841
Utrecht,0344010000205301,"Muntkade 1A, 3531AK Utrecht",52.087061,5.096127
Utrecht,0344010000205302,"Muntkade 1B, 3531AK Utrecht",52.086942,5.096373
Utrecht,0344010000189080,"Paardenveld 3, 3511RD Utrecht",52.095092,5.111076
Utrecht,0344010000175523,"Pablo Picassostraat 55, 3544NX Utrecht",52.100422,5.030564
Utrecht,0344010000175524,"Pablo Picassostraat 56, 3544NX Utrecht",52.100442,5.030257
Utrecht,0344010000175526,"Pablo Picassostraat 58, 3544NX Utrecht",52.100405,5.030507
Utrecht,0344010000175527,"Pablo Picassostraat 59, 3544NX Utrecht",52.100423,5.030293
Utrecht,0344010000175528,"Pablo Picassostraat 60, 3544NX Utrecht",52.100423,5.030249
Utrecht,0344010000175531,"Pablo Picassostraat 63, 3544NX Utrecht",52.100404,5.030289
Utrecht,0344010000175532,"Pablo Picassostraat 64, 3544NX Utrecht",52.100405,5.030241
Utrecht,0344010000175535,"Pablo Picassostraat 67, 3544NX Utrecht",52.100388,5.030284
Utrecht,0344010000175536,"Pablo Picassostraat 68, 3544NX Utrecht",52.100389,5.030236
Utrecht,0344010000175540,"Pablo Picassostraat 72, 3544NX Utrecht",52.100371,5.030229
Utrecht,0344010000122043,"Princetonlaan 10, 3584CB Utrecht",52.088632,5.168157
Utrecht,0344010000173217,"Princetonlaan 1000N, Utrecht",52.089091,5.167379
Utrecht,0344010000173218,"Princetonlaan 1000T, Utrecht",52.089127,5.167381
Utrecht,0344010000092869,"Princetonlaan 6, 3584CB Utrecht",52.088630,5.166450
Utrecht,0344010000159580,"Princetonlaan 8, 3584CB Utrecht",52.088659,5.166859
Utrecht,0344010000173216,"Princetonlaan 8A, 3584CB Utrecht",52.088841,5.167651
Utrecht,0344010000102361,"Ptolemaeuslaan 61, 3528BR Utrecht",52.067205,5.080687
Utrecht,0344010000106750,"Ptolemaeuslaan 900, 3528BV Utrecht",52.067791,5.080154
Utrecht,0344010000073778,"Royaards van den Hamkade 14, 3552CM Utrecht",52.103982,5.098188
Utrecht,0344010000073783,"Royaards van den Hamkade 18, 3552CM Utrecht",52.104234,5.097722
Utrecht,0344010000126320,"Servetstraat 5A, 3512JG Utrecht",52.090508,5.120972
Utrecht,0344010000094692,"Servetstraat 5B, 3512JG Utrecht",52.090508,5.121046
Utrecht,0344010000069471,"Servetstraat 7, 3512JG Utrecht",52.090544,5.121175
Utrecht,0344010000022670,"Sorbonnelaan 15, 3584CA Utrecht",52.081757,5.163140
Utrecht,0344010000155998,"Sorbonnelaan 15A, Utrecht",52.081675,5.163144
Utrecht,0344010000111729,"Sorbonnelaan 15B, Utrecht",52.081866,5.163155
Utrecht,0344010000168807,"Sorbonnelaan 15T, Utrecht",52.081459,5.163124
Utrecht,0356010000061545,"Sportpark Galecop 1, 3438HX Nieuwegein",52.056298,5.091218
Utrecht,0356010000065870,"Sportpark Galecop 10, 3438HX Nieuwegein",52.058065,5.092573
Utrecht,0356010000061558,"Sportpark Galecop 2, 3438HX Nieuwegein",52.055298,5.092468
Utrecht,0356010000061559,"Sportpark Galecop 4, 3438HX Nieuwegein",52.056143,5.093774
Utrecht,0356010000061560,"Sportpark Galecop 6, 3438HX Nieuwegein",52.056437,5.093931
Utrecht,0344010000044741,"Steijnstraat 21, 3531AV Utrecht",52.086727,5.097038
Utrecht,0344010000124733,"Steijnstraat 25, 3531AV Utrecht",52.086717,5.097022
Utrecht,0344010000034885,"Steijnstraat 27, 3531AV Utrecht",52.086707,5.097008
Utrecht,0310010000696121,"Universiteitsweg 12, 3732HX De Bilt",52.096218,5.175104
Utrecht,0344010000200798,"Uppsalalaan 1000T, Utrecht",52.090209,5.175400
Utrecht,0344010000177437,"Uppsalalaan 1001N, Utrecht",52.090609,5.177091
Utrecht,0344010000177438,"Uppsalalaan 1001T, Utrecht",52.090619,5.177132
Utrecht,0344010000177436,"Uppsalalaan 15, 3584CT Utrecht",52.090602,5.177054
Utrecht,0344010000132352,"Uppsalalaan 3, 3584CT Utrecht",52.091151,5.175131
Utrecht,0344010000112109,"Uppsalalaan 5, 3584CT Utrecht",52.091768,5.178105
Utrecht,0344010000112110,"Uppsalalaan 9, 3584CT Utrecht",52.091768,5.178105
Utrecht,0344010000127883,"Van Deventerlaan 101, 3528AG Utrecht",52.067375,5.075846
Utrecht,0344010000099172,"Van Deventerlaan 121, 3528AG Utrecht",52.067006,5.076380
Utrecht,0344010000106862,"Van Deventerlaan 121A, 3528AG Utrecht",52.066999,5.076398
Utrecht,0344010000094284,"Van Deventerlaan 50, 3528AE Utrecht",52.066747,5.077868
Utrecht,0344010000080702,"Van Zijlstraat 37, 3552XR Utrecht",52.105475,5.110165
Utrecht,0312010000005798,"Vossegatsedijk 2, 3981HS Bunnik",52.076985,5.162196
Utrecht,0312010000005799,"Vossegatsedijk 2a, 3981HS Bunnik",52.077024,5.161461
Utrecht,0312010000005800,"Vossegatsedijk 2b, 3981HS Bunnik",52.077184,5.161682
Utrecht,0344010000072001,"W.A. Vultostraat 130, 3523TZ Utrecht",52.071763,5.122509
Utrecht,0344010000072003,"W.A. Vultostraat 132, 3523TZ Utrecht",52.071855,5.122550
Utrecht,0344010000152744,"W.A. Vultostraat 134, 3523TZ Utrecht",52.071900,5.122571
Utrecht,0344010000072005,"W.A. Vultostraat 136, 3523TZ Utrecht",52.071946,5.122591
Utrecht,0344010000072007,"W.A. Vultostraat 138, 3523TZ Utrecht",52.071988,5.122611
Utrecht,0344010000072008,"W.A. Vultostraat 140, 3523TZ Utrecht",52.072037,5.122633
Utrecht,0344010000072010,"W.A. Vultostraat 142, 3523TZ Utrecht",52.072082,5.122654
Utrecht,0344010000157779,"W.A. Vultostraat 144, 3523TZ Utrecht",52.072128,5.122675
Utrecht,0344010000072012,"W.A. Vultostraat 146, 3523TZ Utrecht",52.072144,5.122682
Utrecht,0344010000078220,"Weerdsingel W.Z. 10, 3513BA Utrecht",52.095818,5.109913
Utrecht,0344010000155388,"Weerdsingel W.Z. 11-BS, 3513BA Utrecht",52.095848,5.110006
Utrecht,0344010000078221,"Weerdsingel W.Z. 11, 3513BA Utrecht",52.095854,5.110025
Utrecht,0344010000078222,"Weerdsingel W.Z. 12-BS, 3513BA Utrecht",52.095860,5.110043
Utrecht,0344010000128096,"Weerdsingel W.Z. 12-BSA, 3513BA Utrecht",52.095860,5.110043
Utrecht,0344010000126925,"Weerdsingel W.Z. 12, 3513BA Utrecht",52.095866,5.110062
Utrecht,0344010000078223,"Weerdsingel W.Z. 14, 3513BA Utrecht",52.095896,5.110155
Utrecht,0344010000194132,"Weerdsingel W.Z. 15, 3513BA Utrecht",52.095909,5.110195
Utrecht,0344010000201657,"Weerdsingel W.Z. 8-1, 3513BA Utrecht",52.095720,5.109630
Utrecht,0344010000201656,"Weerdsingel W.Z. 8, 3513BA Utrecht",52.095761,5.109521
Utrecht,0344010000078218,"Weerdsingel W.Z. 8A, 3513BA Utrecht",52.095766,5.109753
Utrecht,0344010000084070,"Weerdsingel W.Z. 8B, 3513BA Utrecht",52.095766,5.109753
Utrecht,0344010000084071,"Weerdsingel W.Z. 8C, 3513BA Utrecht",52.095766,5.109753
Utrecht,0344010000078219,"Weerdsingel W.Z. 9, 3513BA Utrecht",52.095788,5.109826
Utrecht,0344010000099017,"Weg naar Rhijnauwen 12, 3584AD Utrecht",52.081201,5.159015
Utrecht,0344010000074936,"Weg naar Rhijnauwen 13, 3584AD Utrecht",52.081747,5.159683
Utrecht,0344010000074937,"Weg naar Rhijnauwen 15, 3584AD Utrecht",52.081839,5.159577
Utrecht,0344010000118360,"Weg naar Rhijnauwen 23, 3584AD Utrecht",52.079544,5.161983
Utrecht,0344010000074938,"Weg naar Rhijnauwen 25, 3584AD Utrecht",52.079368,5.162066
Utrecht,0344010000074939,"Weg naar Rhijnauwen 33, 3584AD Utrecht",52.077690,5.164798
Utrecht,0344010000074940,"Weg naar Rhijnauwen 35, 3584AD Utrecht",52.077682,5.164823
Utrecht,0344010000074941,"Weg naar Rhijnauwen 37, 3584AD Utrecht",52.077639,5.165058
Utrecht,0344010000153229,"Weg naar Rhijnauwen 39, 3584AD Utrecht",52.077557,5.165312
Utrecht,0344010000074942,"Weg naar Rhijnauwen 41, 3584AD Utrecht",52.077548,5.165337
Utrecht,0344010000125901,"Weg naar Rhijnauwen 43, 3584AD Utrecht",52.077473,5.165565
Utrecht,0356010000056905,"Willem Klooshove 31, 3438PP Nieuwegein",52.055313,5.087178
Utrecht,0356010000056906,"Willem Klooshove 32, 3438PP Nieuwegein",52.055349,5.087111
Utrecht,0356010000056907,"Willem Klooshove 33, 3438PP Nieuwegein",52.055382,5.087052
Utrecht,0356010000056908,"Willem Klooshove 34, 3438PP Nieuwegein",52.055416,5.086992
Utrecht,0356010000056909,"Willem Klooshove 35, 3438PR Nieuwegein",52.055573,5.086693
Utrecht,0356010000056910,"Willem Klooshove 36, 3438PR Nieuwegein",52.055606,5.086634
Utrecht,0356010000056911,"Willem Klooshove 37, 3438PR Nieuwegein",52.055636,5.086576
Utrecht,0356010000056912,"Willem Klooshove 38, 3438PR Nieuwegein",52.055667,5.086515
Utrecht,0356010000056913,"Willem Klooshove 39, 3438PR Nieuwegein",52.055697,5.086453
Utrecht,0356010000056914,"Willem Klooshove 40, 3438PR Nieuwegein",52.055730,5.086393
Utrecht,0356010000056915,"Willem Klooshove 41, 3438PR Nieuwegein",52.055760,5.086334
Utrecht,0356010000056916,"Willem Klooshove 42, 3438PR Nieuwegein",52.055794,5.086272
Utrecht,0356010000056917,"Willem Klooshove 43, 3438PR Nieuwegein",52.055824,5.086214
Utrecht,0356010000056918,"Willem Klooshove 44, 3438PR Nieuwegein",52.055856,5.086150
Utrecht,0344010000190097,"Winklerlaan 1001T, Utrecht",52.109288,5.139811
Utrecht,0344010000190003,"Winklerlaan 1007T, Utrecht",52.110221,5.138840
Utrecht,0344010000189956,"Winklerlaan 367-16, 3571KE Utrecht",52.110196,5.138823
Utrecht,0344010000189957,"Winklerlaan 367-17, 3571KE Utrecht",52.110196,5.138823
Utrecht,0344010000189960,"Winklerlaan 367-20, 3571KE Utrecht",52.110196,5.138823
Utrecht,0344010000189962,"Winklerlaan 367-22, 3571KE Utrecht",52.110196,5.138823
Utrecht,0344010000189963,"Winklerlaan 367-23, 3571KE Utrecht",52.110196,5.138823
Utrecht,0344010000189967,"Winklerlaan 367-27, 3571KE Utrecht",52.110196,5.138823
Utrecht,0344010000189974,"Winklerlaan 367-34, 3571KE Utrecht",52.110196,5.138823
Utrecht,0344010000189977,"Winklerlaan 367-37, 3571KE Utrecht",52.110196,5.138823
Utrecht,0344010000189988,"Winklerlaan 367-48, 3571KE Utrecht",52.110191,5.138822
Utrecht,0344010000189989,"Winklerlaan 367-49, 3571KE Utrecht",52.110191,5.138822
Utrecht,0344010000189990,"Winklerlaan 367-50, 3571KE Utrecht",52.110191,5.138822
Utrecht,0344010000189991,"Winklerlaan 367-51, 3571KE Utrecht",52.110191,5.138822
Utrecht,0344010000189992,"Winklerlaan 367-52, 3571KE Utrecht",52.110191,5.138822
Utrecht,0344010000189993,"Winklerlaan 367-53, 3571KE Utrecht",52.110191,5.138822
Utrecht,0344010000189994,"Winklerlaan 367-54, 3571KE Utrecht",52.110196,5.138823
Utrecht,0344010000189995,"Winklerlaan 367-55, 3571KE Utrecht",52.110191,5.138822
Utrecht,0344010000190000,"Winklerlaan 367-60, 3571KE Utrecht",52.110196,5.138823
Utrecht,0344010000190002,"Winklerlaan 367-62, 3571KE Utrecht",52.110196,5.138823
Utrecht,0344010000030945,"Zonnehof 3, 3581MZ Utrecht",52.085261,5.134728
Utrecht,0344010000003353,"Zonstraat 100, 3581MV Utrecht",52.085090,5.135076
Utrecht,0344010000182823,"Zonstraat 100A, 3581MV Utrecht",52.085090,5.135076
Utrecht,0344010000182825,"Zonstraat 100B, 3581MV Utrecht",52.085090,5.135076
Utrecht,0344010000079474,"Zonstraat 102, 3581MV Utrecht",52.085088,5.135097
Utrecht,0344010000079475,"Zonstraat 102A, 3581MV Utrecht",52.085088,5.135097
Utrecht,0344010000134910,"Zonstraat 102B, 3581MV Utrecht",52.085088,5.135097
Utrecht,0344010000128478,"Zonstraat 102C, 3581MV Utrecht",52.085088,5.135097
Utrecht,0344010000003356,"Zonstraat 102D, 3581MV Utrecht",52.085088,5.135097
Utrecht,0344010000003357,"Zonstraat 102E, 3581MV Utrecht",52.085088,5.135097
Utrecht,0344010000153958,"Zonstraat 104, 3581MV Utrecht",52.085087,5.135125
Utrecht,0344010000079476,"Zonstraat 106, 3581MV Utrecht",52.085080,5.135185
Utrecht,0344010000079477,"Zonstraat 108, 3581MV Utrecht",52.085073,5.135249
Utrecht,0344010000079478,"Zonstraat 110, 3581MX Utrecht",52.085065,5.135309
Utrecht,0344010000153959,"Zonstraat 112, 3581MX Utrecht",52.085058,5.135374
Utrecht,0344010000031109,"Zonstraat 78, 3581MV Utrecht",52.085159,5.134700
Utrecht,0344010000031110,"Zonstraat 80, 3581MV Utrecht",52.085156,5.134721
Utrecht,0344010000031111,"Zonstraat 82, 3581MV Utrecht",52.085130,5.134784