pdok_vbo,oracle,rules,zs,label
0363010012078308,0.0009,0.35,0.3362,3
0363010000572449,0.097,0.6,0.5679,2
0363010012575058,0.0038,0.29,0.195,3
0363010012098418,0.0001,0.48,0.3993,2
0363010012098419,0.0001,0.53,0.3442,2
0363010012098420,0.0001,0.52,0.3442,2
0363010012098421,0.0001,0.33,0.3442,2
0363010012171889,0.0002,0.32,0.4624,2
0363010012171894,0.0004,0.29,0.4624,2
0363010012171888,0.0001,0.31,0.4624,2
0363010012171895,0.0004,0.3,0.4624,2
0363010012171899,0.0003,0.55,0.4624,2
0363010012171900,0.0004,0.52,0.4624,2
0363010012171890,0.0004,0.56,0.4624,2
0363010012171891,0.0004,0.54,0.4624,2
0363010012171892,0.0003,0.6,0.4624,2
0363010012171893,0.0003,0.49,0.4624,2
0363010000582062,0.0006,0.3,0.3671,2
0363010000582063,0.0004,0.3,0.3671,2
0363010000582064,0.0006,0.31,0.3671,2
0363010000582061,0.0004,0.29,0.3671,2
0363010000582068,0.0006,0.56,0.3671,2
0363010000582069,0.0003,0.54,0.3671,2
0363010000582070,0.0003,0.51,0.3671,2
0363010000582067,0.0003,0.57,0.3671,2
0363010000582074,0.0003,0.32,0.304,2
0363010000582075,0.0003,0.33,0.304,2
0363010000582076,0.0002,0.34,0.304,2
0363010000582073,0.0003,0.31,0.304,2
0363010000582079,0.0003,0.6,0.5014,2
0363010000582080,0.0003,0.5,0.5014,2
0363010000582081,0.0003,0.48,0.5014,2
0363010000582078,0.0003,0.54,0.5014,2
0363010000605042,0.0002,0.34,0.6758,2
0363010000605044,0.0001,0.58,0.0803,2
0363010000605043,0.0001,0.59,0.0803,2
0363010000605045,0.0001,0.56,0.5714,3
0363010000605046,0.0001,0.28,0.2306,2
0363010000605048,0.0001,0.3,0.1595,2
0363010012109398,0.0001,0.48,0.2157,2
0363010012066878,0.0001,0.33,0.5312,2
0363010012066877,0.0001,0.32,0.5312,2
0363010011259277,0.0,0.53,0.2467,2
0363010011259278,0.0,0.3,0.2719,2
0363010011259279,0.0001,0.5,0.6758,2
0363010000611045,0.0017,0.34,0.4498,2
0363010000611046,0.008,0.59,0.4498,2
0363010000611047,0.0006,0.58,0.4716,2
0363010000621282,0.0003,0.52,0.3511,2
0363010000621283,0.0003,0.51,0.3511,2
0363010000621284,0.0003,0.5,0.3511,2
0363010000621281,0.0003,0.56,0.3511,2
0363010000624493,0.0011,0.57,0.5186,2
0363010000624494,0.0011,0.35,0.5186,2
0363010000624495,0.0002,0.36,0.4119,2
0363010000624496,0.0002,0.6,0.4119,2
0363010000624497,0.0002,0.28,0.4119,2
0363010001012409,0.0007,0.34,0.5232,2
0363010000624519,0.01,0.33,0.5232,2
0363010000624511,0.0003,0.58,0.576,2
0363010000624513,0.0002,0.52,0.4681,2
0363010000624514,0.0004,0.51,0.3775,2
0363010001012406,0.0007,0.31,0.5232,2
0363010012066876,0.0001,0.31,0.5312,2
0363010000624677,0.0001,0.49,0.2168,2
0363010012155077,0.0002,0.34,0.631,2
0363010012155078,0.0002,0.56,0.6666,2
0363010000547057,0.0012,0.57,0.1319,2
0363010000547090,0.0008,0.53,0.2214,2
0363010000547091,0.0008,0.52,0.2214,2
0363010000547092,0.0003,0.51,0.2214,2
0363010000547089,0.0003,0.48,0.2214,2
0363010000547097,0.0003,0.28,0.2214,2
0363010000547100,0.0003,0.34,0.2214,2
0363010000547101,0.0003,0.35,0.2214,2
0363010000547096,0.0003,0.37,0.2214,2
0363010000547107,0.0003,0.3,0.2822,2
0363010000547108,0.0003,0.31,0.2822,2
0363010000547109,0.0003,0.32,0.2822,2
0363010000547106,0.0003,0.3,0.2822,2
0363010000547074,0.0006,0.51,0.1319,2
0363010000547075,0.0006,0.57,0.1319,2
0363010000547076,0.0006,0.56,0.1319,2
0363010000547082,0.0017,0.32,0.0,2
0363010000547083,0.0017,0.33,0.0,2
0363010000547084,0.0017,0.34,0.0,2
0363010000547081,0.0017,0.31,0.0,2
0363010000659190,0.0016,0.36,0.7377,2
0363010001026519,0.0006,0.3,0.0883,2
0363010001026521,0.0004,0.34,0.3086,2
0363010000659196,0.0085,0.5,0.0,2
0363010000659197,0.0085,0.56,0.0,2
0363010000659198,0.0085,0.55,0.0,2
0363010000659195,0.0008,0.51,0.0,2
0363010012080367,0.0001,0.51,0.0,2
0363010012080368,0.0001,0.57,0.0,2
0363010000658170,0.8402,0.33,0.5106,1
0363010000664706,0.0284,0.35,0.436,2
0363010012151191,0.0089,0.52,0.5152,2
0363010001041621,0.0089,0.32,0.5152,2
0363010000664715,0.0016,0.35,0.4853,2
0363010000977619,0.0008,0.53,0.4107,2
0363010000983356,0.0016,0.3,0.171,2
0363010000713923,0.0001,0.31,0.28,2
0363010000664719,0.0008,0.48,0.28,2
0363010000664724,0.0006,0.56,0.0,2
0363010012132875,0.0036,0.56,0.0,2
0363010000690008,0.0003,0.3,1.0,3
0363010000690009,0.0003,0.3,1.0,3
0363010000690010,0.0001,0.33,1.0,3
0363010000690007,0.0024,0.29,1.0,3
0363010012110115,0.0001,0.3,1.0,3
0363010000690021,0.0003,0.59,1.0,3
0363010000690022,0.0001,0.58,1.0,3
0363010000690027,0.0003,0.48,1.0,3
0363010000690028,0.0003,0.53,1.0,3
0363010000690029,0.0003,0.52,1.0,3
0363010000690034,0.0002,0.29,0.3568,2
0363010000690039,0.0003,0.51,0.5553,2
0363010000690044,0.0002,0.5,0.5553,2
0363010000690045,0.0003,0.48,0.5553,2
0363010000690046,0.0003,0.53,0.5553,2
0363010000690050,0.0003,0.56,0.5553,2
0363010000690051,0.0003,0.52,0.5553,2
0363010000690052,0.0003,0.51,0.5553,2
0363010000690056,0.0003,0.52,0.5553,2
0363010012078382,0.0006,0.6,0.6941,2
0363010000710730,0.0007,0.59,0.4406,2
0363010000710731,0.0004,0.36,0.3098,2
0363010000710732,0.001,0.37,0.3809,2
0363010000710733,0.0104,0.52,0.4245,2
0363010000722812,0.0002,0.51,0.4119,2
0363010000722813,0.0002,0.5,0.4119,2
0363010000722814,0.0003,0.3,0.2191,2
0363010000722815,0.0002,0.53,0.4119,2
0363010000722816,0.0005,0.32,0.576,2
0363010000722804,0.0012,0.3,0.3144,2
0363010000722806,0.0012,0.31,0.3144,2
0363010000722808,0.0004,0.33,0.3729,2
0363010000722810,0.0002,0.56,0.4119,2
0363010000550416,0.0007,0.52,0.6333,2
0363010000551588,0.0002,0.49,0.3614,2
0363010000551589,0.0002,0.48,0.3063,2
0363010000551590,0.0004,0.53,0.4062,2
0363010000552486,0.0002,0.36,0.3603,2
0363010000551556,0.0002,0.33,0.3396,2
0363010000585632,0.0002,0.56,0.4716,2
0363010000585633,0.0002,0.36,0.4062,2
0363010000585634,0.0001,0.37,0.3603,2
0363010000585635,0.0001,0.49,0.3603,2
0363010000585636,0.0002,0.48,0.3694,2
0363010000585637,0.0001,0.53,0.3694,2
0363010011005081,0.0002,0.33,0.2088,2
0363010011005082,0.0003,0.34,0.2088,2
0363010011005083,0.0003,0.35,0.2088,2
0363010011005084,0.0002,0.36,0.2088,2
0363010011005085,0.0002,0.37,0.2088,2
0363010011005086,0.0003,0.28,0.2088,2
0363010011005087,0.0002,0.51,0.2088,2
0363010011005088,0.0002,0.5,0.2088,2
0363010011005089,0.0003,0.48,0.2088,2
0363010011005090,0.0002,0.33,0.2386,2
0363010011005091,0.0003,0.34,0.2386,2
0363010011005092,0.0003,0.35,0.2386,2
0363010011005093,0.0002,0.36,0.2386,2
0363010011005094,0.0003,0.56,0.2019,2
0363010011005095,0.0002,0.52,0.2386,2
0363010011005096,0.0002,0.51,0.2386,2
0363010011005097,0.0003,0.3,0.2386,2
0363010011005098,0.0002,0.48,0.2386,2
0363010011005099,0.0003,0.53,0.2386,2
0363010011005101,0.0002,0.6,0.2386,2
0363010000949514,0.0021,0.28,0.4211,2
0363010000949515,0.002,0.29,0.4211,2
0363010000759239,0.002,0.3,0.4211,2
0363010000759238,0.0032,0.3,0.4211,2
0363010000759242,0.0079,0.56,0.4957,2
0363010012164013,0.0079,0.59,0.4957,2
0363010012164014,0.0018,0.36,0.4957,2
0363010001956927,0.0018,0.53,0.4957,2
0363010000759249,0.005,0.31,0.3763,2
0363010000759250,0.0023,0.34,0.3763,2
0363010000759248,0.0042,0.3,0.3763,2
0363010001014270,0.0305,0.32,1.0,2
0363010000961615,0.0033,0.34,1.0,2
0363010000759686,0.0033,0.36,1.0,2
0363010001014272,0.0033,0.34,1.0,2
0363010001014273,0.056,0.35,1.0,2
0363010001014274,0.0286,0.36,1.0,2
0363010000768208,0.0051,0.6,0.584,3
0363010000772763,0.0026,0.28,0.5943,2
0363010000772764,0.0987,0.48,0.5347,3
0363010000772765,0.0002,0.3,0.4716,2
0363010000777684,0.0001,0.34,0.3671,2
0363010000777895,0.0462,0.46,0.3671,3
0363010000777896,0.0012,0.51,0.3671,2
0363020001033158,0.0012,0.51,0.1916,3
0363010012088554,0.0003,0.48,0.0574,2
0363010012088555,0.0003,0.53,0.1503,2
0363010012088565,0.0002,0.51,0.2364,2
0363010012088566,0.0002,0.31,0.2364,2
0363010012088567,0.0003,0.56,0.0964,2
0363010012088568,0.0003,0.33,0.0964,2
0363010012088569,0.0003,0.53,0.0964,2
0363010012088576,0.0002,0.56,0.2604,2
0363010012088577,0.0003,0.55,0.0815,2
0363010012088578,0.0001,0.53,0.2604,2
0363010012088579,0.0002,0.35,0.319,2
0363010012088580,0.0002,0.28,0.319,2
0363010012088581,0.0002,0.29,0.319,2
0363010000783027,0.0003,0.51,0.6861,2
0363010000783028,0.0003,0.34,0.6861,2
0363010000783029,0.0002,0.56,0.6861,2
0363010000783034,0.0006,0.31,0.6861,2
0363010000783035,0.0006,0.32,0.6861,2
0363010000783036,0.0004,0.33,0.6861,2
0363010000783037,0.0006,0.34,0.6861,2
0363010000783038,0.0006,0.56,0.6861,2
0363010000783039,0.0006,0.36,0.6861,2
0363010000783040,0.0004,0.29,0.2765,2
0363010000783041,0.0006,0.5,0.6861,2
0363010000783042,0.0004,0.48,0.6861,2
0363010000783043,0.0004,0.53,0.2765,2
0363010000783044,0.0007,0.52,0.2765,2
0363010000783045,0.0007,0.33,0.2765,2
0363010000783046,0.0007,0.34,0.2765,2
0363010000783047,0.0007,0.35,0.2765,2
0363010000783048,0.0007,0.36,0.2765,2
0363010000783056,0.0007,0.56,0.2765,2
0363010000783070,0.0005,0.31,0.2765,2
0363010001009817,0.8044,0.52,0.1606,1
0363010000787112,0.9389,0.32,0.506,3
0363010000787113,0.9598,0.33,0.506,1
0363010000787114,0.9636,0.34,0.506,3
0363010000787115,0.9636,0.35,0.506,1
0363010000787116,0.9636,0.36,0.506,3
0363010000787117,0.9636,0.37,0.506,1
0363010000787111,0.8974,0.31,0.506,3
0363010000787126,0.0034,0.37,0.4016,2
0363010000787127,0.0034,0.28,0.4016,2
0363010000787128,0.0034,0.29,0.4016,2
0363010000787125,0.0034,0.36,0.4016,2
0363010000784309,0.0004,0.6,0.4498,2
0363010000784310,0.0004,0.5,0.4039,3
0363010000784311,0.0004,0.3,0.4039,2
0363010000784312,0.0063,0.31,0.506,3
0363010000784313,0.001,0.52,0.506,2
0363010000784314,0.0001,0.33,0.4016,2
0363010000784315,0.0003,0.34,0.0,2
0363010000784316,0.0003,0.56,0.6069,3
0363010000803500,0.0007,0.54,0.8685,2
0363010000803501,0.0011,0.34,0.8685,2
0363010000803502,0.0128,0.35,0.3649,2
0363010000803503,0.0128,0.36,0.3649,2
0363010000803504,0.0006,0.37,0.4716,2
0363010011290833,0.0145,0.51,0.0356,2
0363010011290834,0.0514,0.34,0.0,3
0363010000804704,0.0514,0.5,0.0356,2
0363010000804705,0.0514,0.48,0.0356,3
0363010000804708,0.0033,0.51,0.0356,2
0363010000804709,0.0514,0.57,0.0356,3
0363010000804710,0.0094,0.56,0.0356,2
0363010000804715,0.0045,0.53,0.6574,2
0363010001042104,0.0045,0.53,0.6574,2
0363010001042103,0.0045,0.47,0.6574,2
0363010000804714,0.0005,0.3,0.6574,2
0363010001008098,0.0005,0.52,0.6574,2
0363010001008099,0.0008,0.51,0.6574,2
0363010001008100,0.0005,0.48,0.6574,2
0363010000804719,0.0017,0.56,0.6574,2
0363010000804723,0.0031,0.3,0.7756,3
0363010012148529,0.0002,0.49,0.436,2
0363010012148539,0.0004,0.29,0.436,2
0363010012148540,0.0003,0.31,0.4096,2
0363010012148549,0.0004,0.53,0.436,2
0363010012148550,0.0003,0.32,0.4096,2
0363010012148735,0.0003,0.6,0.4096,2
0363010012148745,0.0003,0.49,0.436,2
0363010012148746,0.0003,0.29,0.436,2
0363010012148753,0.0002,0.6,0.436,2
0363010012148762,0.0001,0.6,0.4096,2
0363010012109267,0.0015,0.57,0.2673,2
0363010001026575,0.0007,0.32,0.2364,2
0363010000952889,0.0009,0.58,0.5117,3
0363010000986339,0.0003,0.55,0.4371,2
0363010000807271,0.0034,0.53,0.576,2
0363010000807272,0.0002,0.52,0.3476,2
0363010000807273,0.0021,0.33,0.428,2
0363010000807274,0.0001,0.34,0.4773,2
0363010000641666,0.0003,0.56,0.5553,3
0363010012157005,0.0038,0.28,0.4039,2
0363010012157006,0.0038,0.29,0.4039,3
0363010003695453,0.0005,0.51,0.1457,2
0363010003695454,0.0045,0.5,0.1457,2
0363010012158167,0.0005,0.37,0.5117,3
0363010000988374,0.0002,0.34,0.4314,2
0363010012077451,0.0001,0.51,0.3924,2
0363010001001343,0.0001,0.53,0.4888,2
0363010001955727,0.0002,0.31,0.5817,2
0363010012067304,0.0001,0.3,0.3878,2
0363010012067303,0.0001,0.29,0.319,2
0363010000817317,0.0004,0.33,0.5576,2
0363010000776484,0.056,0.5,0.7963,3
0363010000817319,0.0008,0.56,0.5427,2
0363010012108842,0.0013,0.32,0.5117,3
0363010012116312,0.0002,0.34,0.4371,2
0363010012116313,0.0008,0.59,0.5117,3
0363010000960322,0.2225,0.29,0.8995,2
0363010000850093,0.0,0.31,0.2455,2
0363010012080388,0.0,0.54,0.2455,2
0363010012080389,0.0001,0.6,0.2455,2
0363010012576426,0.2282,0.48,0.506,2
0363010012092072,0.4268,0.3,0.506,3
0363010012098940,0.7036,0.29,0.6104,3
0363010000960323,0.2101,0.3,0.5851,3
0363010000982251,0.0,0.33,0.2272,2
0363010000837261,0.0004,0.33,0.2513,3
0363010000837256,0.0,0.6,0.2134,2
0363010000837258,0.0,0.29,0.265,2
0363010001003396,0.0173,0.51,0.5117,3
0363010000837259,0.0001,0.3,0.1113,2
0363010000837260,0.0011,0.32,0.7756,2
0363010001003397,0.0002,0.5,0.8054,2
0363010000923231,0.0001,0.37,0.3144,2
0363020001038819,0.0012,0.37,0.3144,2
0363010000923232,0.0001,0.28,0.4498,2
0363010000923234,0.0001,0.5,0.3293,2
0363010000923235,0.0001,0.3,0.3614,2
0363010000923236,0.0001,0.31,0.4486,2
0363010000923237,0.0001,0.52,0.3144,2
0363010000923238,0.0001,0.33,0.3006,2
0363010000923239,0.0001,0.57,0.3408,2
0363010000923240,0.0002,0.37,0.1331,2
0363010000923241,0.0001,0.28,0.226,2
0363010000923242,0.0002,0.29,0.1331,2
0363010000923243,0.0002,0.5,0.4498,2
0363010000923245,0.0001,0.53,0.3293,2
0363010000923247,0.0001,0.33,0.4486,2
0363010000923249,0.0001,0.35,0.4486,2
0363010000923251,0.0004,0.51,0.2995,2
0363010000923253,0.0002,0.48,0.1331,2
0363010000923255,0.0002,0.32,0.1331,2
0363010012082729,0.0001,0.37,0.2995,2
0363010000854284,0.0008,0.6,0.4406,2
0363010000854286,0.0005,0.48,0.4406,2
0363010000854298,0.0005,0.5,0.4406,2
0363010000854300,0.0005,0.56,0.4406,2
0363010000854302,0.0023,0.29,0.4739,2
0363010000854304,0.0023,0.48,0.4739,2
0363010000854306,0.0005,0.32,0.3098,2
0363010000854308,0.0005,0.34,0.3098,2
0363010000854310,0.0006,0.28,0.3809,2
0363010000854312,0.0006,0.3,0.3809,2
0363010000854314,0.0006,0.53,0.3809,2
0363010000854316,0.0006,0.33,0.3809,2
0363010000864938,0.0018,0.33,0.4957,2
0363010001006365,0.0187,0.28,0.584,2
0363010000864939,0.0002,0.34,0.467,2
0363010000864940,0.0014,0.6,0.4957,2
0363010000864941,0.0074,0.28,0.6517,2
0599010000212093,0.0146,0.57,0.5117,3
0599010000159557,0.0146,0.46,0.5117,3
0599010000227376,0.0146,0.55,0.5117,3
0599010000081319,0.0146,0.48,0.5117,3
0599010000227373,0.7393,0.3,0.7492,3
0599010000022527,0.7393,0.35,0.7492,3
0599010000232477,0.7393,0.5,0.7492,3
0599010000137111,0.7393,0.31,0.7492,3
0599010000019851,0.0017,0.3,0.631,2
0599010000254879,0.0001,0.3,0.5817,2
0599010000293138,0.7663,0.56,0.9993,3
0599010000405689,0.0001,0.46,0.4521,2
0599010000461085,0.0004,0.51,0.5117,3
0599010000347917,0.0,0.37,0.0,2
0599010000347919,0.0,0.51,0.0,2
0599010000347921,0.0001,0.32,0.2662,3
0599010000347923,0.0001,0.34,0.0964,2
0599010000347924,0.0001,0.59,0.195,3
0599010000347928,0.0001,0.29,0.2421,3
0599010000347831,0.0,0.56,0.0,2
0599010000347909,0.0009,0.46,0.1147,2
0599010000347832,0.0001,0.55,0.0,2
0599010000347910,0.0004,0.3,0.0,2
0599010000347837,0.0003,0.28,0.0906,2
0599010000300566,0.0004,0.6,0.5278,2
0599010400009395,0.0003,0.36,0.3832,2
0599010000138844,0.0001,0.53,0.6482,2
0599010000225555,0.96,0.51,0.374,3
0599010000225551,0.96,0.6,0.374,1
0599010000225557,0.8026,0.56,0.374,3
0599010000225554,0.9601,0.53,0.374,1
0599010000225550,0.9601,0.54,0.374,3
0599010000225552,0.7829,0.49,0.374,1
0599010000225556,0.2639,0.31,0.374,3
0599010000225549,0.96,0.33,0.374,1
0599010000225560,0.8026,0.37,0.374,3
0599010000225553,0.876,0.29,0.3109,1
0599010000225548,0.876,0.32,0.3109,3
0599010000225547,0.1703,0.31,0.3109,2
0599010000225559,0.0048,0.34,0.4475,3
0599010000225558,0.0048,0.33,0.4475,2
0599010400036243,0.0012,0.48,0.4475,3
0599010400015254,0.0014,0.49,0.5117,3
0599010000302975,0.0006,0.56,0.5966,2
0599010000302961,0.0002,0.49,0.5427,2
0599010000302982,0.0002,0.51,0.5438,2
0599010000224709,0.001,0.3,0.5438,2
0599010000289302,0.0006,0.51,0.6356,2
0599010000154199,0.0006,0.35,0.6356,2
0599010000298752,0.0001,0.29,0.4543,2
0599010000241241,0.0002,0.53,0.4085,2
0599010000270594,0.0003,0.33,0.6207,3
0599010000219810,0.0001,0.49,0.4991,3
0599010000280553,0.0023,0.3,0.2834,2
0599010400020458,0.0008,0.3,0.4635,2
0599010000016615,0.0031,0.54,0.3557,2
0599010000164173,0.0031,0.48,0.3568,2
0599010000024492,0.0,0.49,0.3557,2
0599010000101045,0.0001,0.51,0.3557,2
0599010000271343,0.0031,0.6,0.3557,2
0599010000108558,0.0031,0.55,0.3557,2
0599010000294221,0.0017,0.6,0.1675,2
0599010000294220,0.0017,0.54,0.1675,3
0599010000323934,0.0001,0.51,0.1365,2
0599010000294217,0.0001,0.5,0.2432,3
0599010000294160,0.002,0.48,0.2432,2
0599010000323935,0.0017,0.5,0.2432,3
0599010000294214,0.0017,0.48,0.2834,2
0599010000294208,0.0639,0.5,0.2834,3
0599010000323936,0.0001,0.56,0.2834,2
0599010000080737,0.0001,0.31,0.2341,2
0599010000224141,0.0001,0.53,0.2341,2
0599010000255200,0.0001,0.31,0.2616,2
0599010000489434,0.0041,0.28,0.3855,3
0599010000489433,0.0041,0.37,0.3867,2
0599010000279137,0.0185,0.35,0.4222,3
0599010000284294,0.0007,0.35,0.4222,2
0599010000124416,0.0006,0.35,0.4234,3
0599010000072422,0.0006,0.34,0.4234,2
0599010000097416,0.0003,0.33,0.4234,3
0599010000284295,0.0003,0.36,0.4234,2
0599010400005267,0.0001,0.3,0.2949,3
0599010000060971,0.0001,0.3,0.2949,2
0599010000204139,0.0001,0.54,0.3086,3
0599010000281771,0.0001,0.56,0.3086,2
0599010000054183,0.0001,0.49,0.3086,3
0599010000167826,0.0001,0.36,0.0723,2
0599010000243205,0.0001,0.33,0.5048,3
0599010000017445,0.0001,0.28,0.5048,2
0599010000132297,0.0007,0.3,0.405,2
0599010000283230,0.0029,0.56,0.5542,2
0599010000179516,0.0002,0.35,0.5289,2
0599010000067425,0.0002,0.3,0.4062,2
0599010000091769,0.0001,0.46,0.3144,2
0599010000051681,0.0002,0.49,0.4658,2
0599010000030015,0.0002,0.56,0.4658,3
0599010000088915,0.6009,0.37,0.6884,3
0599010110048711,0.0002,0.3,0.6597,2
0599010110048712,0.0003,0.3,0.6597,2
0599010110048713,0.0003,0.31,0.6597,2
0599010110048719,0.0003,0.37,0.6609,2
0599010000094124,0.0001,0.6,0.483,3
0599010000015079,0.0003,0.48,0.6207,3
0599010000315335,0.0002,0.6,0.5737,2
0599010000252116,0.0001,0.57,0.3442,2
0599010000314531,0.0003,0.34,0.5794,2
0599010000246858,0.0003,0.51,0.5794,3
0599010000337991,0.0003,0.28,0.553,2
0599010000337992,0.0009,0.51,0.6482,2
0599010000337993,0.001,0.29,0.6918,2
0599010000329777,0.0001,0.3,0.5438,2
0599010000246878,0.0002,0.3,0.397,2
0599010000064844,0.0094,0.32,0.7745,3
0599010000270598,0.0003,0.57,0.5633,2
0599010000170199,0.0002,0.33,0.0769,2
0599010110009802,0.0002,0.49,0.4842,2
0599010110009803,0.0002,0.29,0.4842,2
0599010110009804,0.0002,0.3,0.4842,2
0599010110009805,0.0002,0.3,0.4842,2
0599010110009862,0.0002,0.55,0.4842,2
0599010110009863,0.0002,0.53,0.4842,2
0599010110009864,0.0002,0.59,0.4842,2
0599010110009865,0.0002,0.58,0.4842,2
0599010000294685,0.0016,0.49,0.2524,2
0599010110009806,0.0004,0.5,0.0861,2
0599010110009807,0.0002,0.56,0.0861,2
0599010110009808,0.0003,0.33,0.2524,2
0599010110009809,0.0011,0.53,0.2524,2
0599010110009810,0.0001,0.37,0.2524,2
0599010110009811,0.0003,0.28,0.2524,2
0599010110009812,0.0012,0.29,0.1296,2
0599010110009813,0.0002,0.3,0.2524,2
0599010110009814,0.0006,0.51,0.3018,2
0599010110009816,0.0006,0.56,0.3018,2
0599010000162857,0.0011,0.59,0.2788,3
0599010000188283,0.0002,0.58,0.2788,2
0599010000139313,0.0002,0.6,0.2788,3
0599010000145580,0.0001,0.53,0.2788,2
0599010000207183,0.0001,0.28,0.3121,3
0599010000089859,0.0001,0.34,0.3109,2
0599010000039646,0.0001,0.34,0.3109,3
0599010000125537,0.0001,0.3,0.3121,2
0599010000093746,0.0002,0.59,0.1675,2
0599010000188286,0.0008,0.51,0.1675,2
0599010000042882,0.0002,0.51,0.1675,2
0599010000128088,0.0002,0.55,0.1675,2
0599010000032190,0.0005,0.32,0.1675,2
0599010000046265,0.0005,0.3,0.1675,2
0599010000076120,0.0005,0.33,0.1675,2
0599010000167045,0.0005,0.3,0.1675,2
0599010000272666,0.0007,0.59,0.1457,2
0599010000133202,0.0007,0.51,0.1457,2
0599010000042883,0.0007,0.5,0.1457,2
0599010000219261,0.0007,0.49,0.1457,2
0599010000437287,0.0003,0.37,0.1572,3
0599010000437288,0.0003,0.28,0.1124,2
0599010000437289,0.0002,0.51,0.2582,3
0599010000485325,0.0001,0.33,0.3316,3
0599010000437291,0.0002,0.56,0.0711,3
0599010000437294,0.0002,0.35,0.0849,3
0599010000437298,0.0002,0.29,0.0849,3
0599010000437304,0.0004,0.28,0.0849,3
0599010000437318,0.0002,0.32,0.0849,3
0599010110018011,0.0002,0.48,0.3752,2
0599010400038102,0.0003,0.35,0.3947,2
0599010000271753,0.0003,0.31,0.8226,2
0599010000277232,0.0143,0.53,0.6345,2
0599010110001840,0.0005,0.52,0.5197,2
0599010110001841,0.0002,0.33,0.553,2
0599010110001842,0.0007,0.34,0.7354,2
0599010110001843,0.0003,0.56,0.3706,2
0599010110001844,0.0003,0.54,0.7114,2
0599010110001845,0.0001,0.6,0.3109,2
0599010000044399,0.0003,0.59,0.8295,2
0599010000250669,0.0049,0.34,0.3649,2
0599010000250670,0.0045,0.37,0.3649,2
0599010000250671,0.0045,0.28,0.3649,2
0599010000250672,0.0039,0.29,0.3649,2
0599010000250673,0.0045,0.3,0.3649,2
0599010000250674,0.0045,0.3,0.3649,2
0599010000250675,0.0006,0.31,0.2742,2
0599010000250676,0.0012,0.56,0.2742,2
0599010000250677,0.0005,0.55,0.2742,2
0599010000250678,0.0005,0.53,0.2742,2
0599010000250679,0.0011,0.59,0.2742,2
0599010000250680,0.0012,0.49,0.2742,2
0599010000250681,0.0006,0.48,0.2742,2
0599010000250682,0.001,0.3,0.2421,2
0599010000247912,0.0013,0.5,0.1687,2
0599010000247913,0.0004,0.56,0.1687,2
0599010000247914,0.0013,0.55,0.1687,2
0599010000247915,0.0003,0.53,0.1687,2
0599010000247916,0.0012,0.59,0.1687,2
0599010000247917,0.0002,0.58,0.1687,2
0599010400020225,0.0002,0.32,0.5828,2
0599010000351012,0.0002,0.3,0.4693,3
0599010000024898,0.0001,0.57,0.4314,2
0599010400020226,0.0002,0.51,0.553,2
0599020000436148,0.0656,0.55,0.0,3
0599020110000542,0.0051,0.31,0.0677,3
0599020110000582,0.0069,0.35,0.3373,2
0599010000165687,0.0018,0.29,0.6184,3
0599020000436147,0.0044,0.56,0.3281,2
0599010000254941,0.0003,0.5,0.0023,2
0599010000254942,0.0001,0.32,0.1549,2
0599010000460630,0.0557,0.54,0.4979,3
0599010000040930,0.0006,0.33,0.5117,3
0599010000460632,0.2207,0.28,0.5611,2
0599010000356347,0.384,0.53,0.6448,3
0599010000148088,0.0899,0.35,0.4647,3
0599010000255161,0.0038,0.37,0.4475,3
0599010000205381,0.0004,0.36,0.4325,2
0599010000241669,0.0004,0.53,0.4325,2
0599010000284619,0.0004,0.58,0.4325,2
0599010000199270,0.0005,0.53,0.3144,2
0599010000070148,0.0003,0.6,0.2455,2
0599010000239148,0.0005,0.55,0.3144,2
0599010000158427,0.0005,0.33,0.3144,2
0599010000195229,0.0003,0.34,0.3522,2
0599010000184036,0.0005,0.48,0.3522,2
0599010000057149,0.0003,0.32,0.3522,2
0599010000129802,0.0006,0.29,0.2845,2
0599010000284620,0.0003,0.29,0.3522,2
0599010000110611,0.0004,0.28,0.6643,2
0599010000132417,0.0004,0.35,0.6643,2
0599010000085243,0.0003,0.29,0.6643,2
0599010000091908,0.0036,0.55,0.6643,2
0599010000276052,0.0005,0.29,0.3614,2
0599010000192696,0.0005,0.29,0.5186,2
0599010000054513,0.0005,0.56,0.5186,2
0599010000030389,0.0004,0.3,0.4325,2
0599010000336477,0.0002,0.36,0.2673,2
0599010000338263,0.0002,0.31,0.2673,2
0599010000165624,0.0002,0.3,0.2673,2
0599010000165188,0.0002,0.35,0.2673,2
0599010000103921,0.0002,0.33,0.2673,2
0599010000275682,0.0002,0.36,0.2673,2
0599010000110197,0.0002,0.36,0.2673,2
0599010000121814,0.0002,0.34,0.2673,2
0599010000107565,0.0002,0.3,0.2673,2
0599010000103923,0.0002,0.35,0.2673,2
0599010000103198,0.0002,0.29,0.2673,2
0599010000092285,0.0002,0.32,0.2673,2
0599010000094156,0.0002,0.31,0.2673,2
0599010000096963,0.0002,0.29,0.2673,2
0599010000093876,0.0002,0.29,0.2673,2
0599010000096366,0.0002,0.36,0.2673,2
0599010000215444,0.0002,0.37,0.2673,2
0599010000094936,0.0002,0.37,0.2673,2
0599010000094933,0.0002,0.34,0.2673,2
0599010000094934,0.0002,0.35,0.2673,2
0599010000179537,0.1479,0.46,0.3522,3
0599010000185995,0.0389,0.53,0.3522,2
0599010000461087,0.0018,0.56,0.3924,2
0599010000337985,0.0003,0.3,0.5438,2
0599010000337986,0.0009,0.54,0.6402,2
0599010000337987,0.0065,0.32,1.0,2
0599010000157281,0.0004,0.51,0.4555,2
0599010000300161,0.0003,0.51,0.4555,2
0599010000300139,0.0003,0.51,0.4555,2
0599010000328096,0.0003,0.53,0.4555,2
0599010000300149,0.0002,0.57,0.444,2
0599010000300156,0.0002,0.52,0.444,2
0599010000300142,0.0002,0.52,0.444,2
0599010000300160,0.0004,0.52,0.4509,2
0599010000300153,0.0003,0.5,0.4509,2
0599010000300158,0.0003,0.57,0.4555,2
0599010000300144,0.0004,0.5,0.4509,2
0599010000300137,0.0002,0.53,0.4509,2
0599010000186561,0.0004,0.55,0.4509,2
0599010000297668,0.0002,0.51,0.4509,2
0599010000254756,0.0004,0.59,0.4509,2
0599010000254755,0.0002,0.53,0.4509,2
0599010000300145,0.0003,0.48,0.4555,2
0599010000300148,0.0003,0.51,0.4555,2
0599010000300132,0.0003,0.56,0.4555,2
0599010000205271,0.0003,0.57,0.5633,2
0599010000289609,0.0008,0.49,0.5335,2
0599010000286070,0.0008,0.53,0.1893,2
0599010000112114,0.0008,0.52,0.1893,2
0599010000238036,0.0008,0.48,0.1893,2
0599010000123666,0.0008,0.51,0.1893,2
0599010000036837,0.0008,0.55,0.1893,2
0599010000269585,0.0008,0.48,0.1893,2
0599010000025354,0.0008,0.54,0.1893,2
0599010000293732,0.0008,0.56,0.1893,2
0599010000020151,0.0008,0.56,0.1893,2
0599010000222482,0.0008,0.6,0.1893,2
0599010000058599,0.0008,0.54,0.1893,2
0599010000293730,0.0008,0.51,0.1893,2
0599010000047001,0.0008,0.5,0.1893,2
0599010000090827,0.0008,0.56,0.1893,2
0599010000206819,0.0008,0.56,0.1893,2
0599010000434583,0.0004,0.55,0.5117,3
0599010000020022,0.0001,0.34,0.2031,2
0599010000076681,0.0001,0.53,0.0711,3
0599010000196964,0.0001,0.48,0.1606,3
0599010000188831,0.0001,0.59,0.1606,2
0599010000219127,0.0004,0.29,0.2765,2
0599010000288481,0.0035,0.37,0.2765,2
0599010000099078,0.0035,0.29,0.2765,2
0599010000017287,0.0035,0.31,0.2765,2
0599010000222291,0.0035,0.35,0.2765,2
0599010000037054,0.0004,0.36,0.2765,2
0599010000070868,0.0004,0.35,0.2765,2
0599010000027755,0.0035,0.32,0.2765,2
0599010400009142,0.0004,0.37,0.2765,2
0599010000185311,0.0035,0.36,0.2386,2
0599010000234501,0.0004,0.32,0.2386,2
0599010000234502,0.0004,0.51,0.2386,2
0599010000285888,0.0035,0.57,0.2386,2
0599010000068836,0.0045,0.57,0.1618,2
0599010000101744,0.0232,0.34,0.436,2
0599010000193972,0.0232,0.37,0.436,2
0599010000195930,0.0018,0.33,0.436,2
0599010000031055,0.0018,0.53,0.436,2
0599010000153542,0.0232,0.6,0.436,2
0599010000017286,0.0232,0.51,0.436,2
0599010000476139,0.0002,0.36,0.3694,2
0599010000476145,0.0002,0.33,0.3694,2
0599010000476146,0.0002,0.34,0.3694,2
0599010000476152,0.0002,0.31,0.3694,2
0599010000476157,0.0002,0.36,0.3694,2
0599010000476158,0.0003,0.37,0.3694,2
0599010000476166,0.0003,0.36,0.3694,2
0599010000476168,0.0002,0.28,0.3694,2
0599010000476173,0.0002,0.34,0.3694,2
0599010000476176,0.0002,0.37,0.3694,2
0599010000476177,0.0002,0.28,0.3694,2
0599010000476181,0.0002,0.33,0.3694,2
0599010000476182,0.0002,0.34,0.3694,2
0599010000476190,0.0002,0.33,0.3694,2
0599010000476191,0.0002,0.34,0.3694,2
0599010000476193,0.0002,0.36,0.3694,2
0599010000476196,0.0002,0.29,0.3694,2
0599010000476198,0.0002,0.3,0.3694,2
0599010000476212,0.0001,0.48,0.4509,2
0599010110011380,0.0001,0.32,0.265,2
0599020000002053,0.0512,0.51,0.249,3
0599010000274028,0.0017,0.3,0.5404,2
0599010000075944,0.0017,0.59,0.5404,2
0344010000048496,0.0001,0.36,0.3545,3
0344010000048498,0.0001,0.49,0.3545,2
0344010000145875,0.0001,0.35,0.265,3
0344010000048501,0.0001,0.34,0.265,2
0344010000145876,0.0001,0.54,0.358,2
0344010000048504,0.0003,0.37,0.358,2
0344010000107306,0.0003,0.54,0.358,2
0344010000107307,0.0003,0.53,0.358,2
0344010000120704,0.0003,0.3,0.358,2
0344010000001787,0.0004,0.29,0.4865,2
0344010000123892,0.0003,0.48,0.4865,2
0344010000039328,0.0001,0.48,0.444,2
0344010000047169,0.0005,0.52,0.1285,2
0344010000047170,0.0003,0.35,0.2203,2
0344010000047171,0.0003,0.36,0.2203,2
0344010000000100,0.0013,0.51,0.4555,2
0344010000188841,0.3466,0.35,0.6207,3
0344010000076627,0.0001,0.51,0.1159,2
0344010000203671,0.0003,0.59,0.5117,3
0344010000047794,0.0002,0.36,0.226,2
0344010000147742,0.0622,0.48,0.5117,3
0344010000077157,0.2238,0.52,0.4601,3
0344010000077158,0.8272,0.51,0.3408,1
0344010000112305,0.0005,0.47,0.5117,3
0344010000156098,0.0004,0.57,0.5117,3
0344010000112306,0.0144,0.3,0.5117,3
0344010000112307,0.6062,0.51,0.5897,3
0344010000170190,0.8139,0.34,0.646,3
0344010000112308,0.0006,0.31,0.8467,2
0344010000156099,0.0008,0.56,0.5117,3
0344010000112873,0.017,0.28,0.5117,3
0344010000112309,0.0004,0.55,0.5117,3
0344010000112872,0.017,0.56,0.5117,3
0344010000097875,0.0022,0.3,0.5874,2
0344010000107169,0.0007,0.5,0.4142,3
0344010000035950,0.7438,0.52,0.8123,1
0344010000156257,0.0002,0.53,1.0,2
0344010000007911,0.0005,0.53,0.1262,2
0344010000007913,0.0001,0.58,0.3052,2
0344010000056752,0.0003,0.48,0.2972,2
0344010000056753,0.0003,0.53,0.2972,2
0344010000146796,0.0003,0.28,0.2972,2
0344010000122392,0.0003,0.35,0.1847,2
0344010000052355,0.0003,0.58,0.1847,2
0344010000147349,0.0004,0.51,0.1847,2
0344010000052356,0.0004,0.37,0.3316,2
0344010000052357,0.0004,0.28,0.3316,2
0344010000052358,0.0004,0.51,0.3316,2
0344010000052359,0.0004,0.3,0.3316,2
0344010000156159,0.0004,0.32,0.3316,2
0344010000052360,0.0004,0.55,0.3316,2
0344010000147350,0.0003,0.36,0.3316,2
0344010000122393,0.0001,0.58,0.4784,2
0344010000217187,0.0001,0.31,0.4784,2
0344010000052362,0.0002,0.53,0.4784,2
0344020000000114,0.9114,0.56,0.7389,1
0344030000000028,0.1197,0.47,0.8548,2
0344030000000108,0.8421,0.48,0.5771,1
0344030000000061,0.0771,0.36,0.5312,2
0344010000054250,0.0054,0.32,0.3281,2
0344010000054258,0.0003,0.3,0.0,2
0344010000146618,0.0001,0.31,0.2834,2
0344010000054323,0.0001,0.54,0.2834,2
0344010000054325,0.0006,0.35,0.0,2
0344010000054324,0.0004,0.53,0.2834,2
0344010000054326,0.0103,0.58,0.8823,3
0344010000054327,0.0001,0.37,0.903,3
0344010000156357,0.0043,0.52,0.8823,3
0344010000054328,0.0047,0.28,1.0,3
0344010000156821,0.0047,0.51,1.0,3
0344010000146739,0.0047,0.56,1.0,3
0344010000053003,0.0001,0.48,0.3281,2
0344010000053005,0.0001,0.3,0.3281,2
0344010000053004,0.0001,0.29,0.3281,2
0344010000054249,0.0001,0.3,0.3281,2
0344010000054248,0.0004,0.51,0.3281,2
0344010000077581,0.9015,0.51,0.5989,1
0344010000077738,0.4659,0.6,0.5175,3
0344010000122186,0.9015,0.58,0.6001,1
0344010000153423,0.5985,0.34,0.5175,3
0344010000104522,0.6932,0.51,0.522,1
0344010000077739,0.4684,0.28,0.5484,3
0344010000077740,0.9015,0.48,0.7148,1
0356010000065879,0.1672,0.56,0.4612,3
0344010000135990,0.0886,0.32,0.4727,3
0344010000223091,0.0001,0.54,0.483,2
0344010000160211,0.0005,0.28,0.467,2
0344010000055805,0.0003,0.51,0.2375,2
0344010000148208,0.0002,0.29,0.4371,2
0344010000055808,0.0002,0.53,0.4371,2
0344010000123099,0.0002,0.5,0.4371,2
0344010000055810,0.0002,0.59,0.4371,2
0344010000200403,0.0034,0.36,0.5117,3
0344010000200404,0.0034,0.6,0.5117,3
0344010000200405,0.0034,0.28,0.5117,3
0344010000200406,0.0034,0.29,0.5117,3
0344010000200408,0.0034,0.51,0.5117,3
0344010000200409,0.0137,0.5,0.5117,3
0344010000200410,0.0047,0.56,0.5117,3
0344010000200411,0.0047,0.55,0.5117,3
0344010000200412,0.0047,0.54,0.5117,3
0344010000200413,0.0034,0.6,0.5117,3
0344010000200414,0.0034,0.48,0.5117,3
0344010000200415,0.0137,0.47,0.5117,3
0344010000200416,0.0047,0.53,0.5117,3
0344010000200418,0.0047,0.5,0.5117,3
0344010000200421,0.0137,0.54,0.5117,3
0344010000200423,0.0047,0.48,0.5117,3
0344010000200428,0.0034,0.55,0.5117,3
0344010000200430,0.0034,0.54,0.5117,3
0344010000200432,0.0034,0.48,0.5117,3
0344010000200433,0.0034,0.47,0.5117,3
0344010000175518,0.0009,0.52,0.3912,2
0344010000118504,0.0004,0.59,0.5255,2
0344010000099109,0.0004,0.51,0.5255,2
0344010000127878,0.0004,0.49,0.3786,2
0344010000099680,0.0004,0.37,0.3786,2
0344010000118505,0.0002,0.36,0.3706,2
0344010000099681,0.0002,0.28,0.3706,2
0344010000099682,0.0006,0.29,0.6815,2
0344010000118506,0.0002,0.37,0.6815,2
0344010000107276,0.3036,0.29,0.5565,2
0344010000125085,0.8691,0.56,0.7745,1
0344010000155656,0.8399,0.51,0.7687,3
0344010000114747,0.0521,0.3,0.3935,2
0344010000192958,0.0033,0.48,0.6184,3
0344010000097459,0.0012,0.48,0.5094,2
0344010000168850,0.001,0.51,0.3832,2
0344010000057028,0.0003,0.28,0.3178,2
0344010000057030,0.0006,0.5,0.3178,2
0344010000146497,0.0005,0.36,0.3178,2
0344010000194150,0.0001,0.36,0.2593,2
0344010000194151,0.0002,0.56,0.2593,2
0344010000168852,0.0008,0.56,0.2237,2
0344010000055782,0.0005,0.52,0.6127,2
0344010000055783,0.0005,0.33,0.3832,2
0344010000158663,0.001,0.34,0.3832,2
0344010000158662,0.001,0.33,0.3832,2
0344010000158661,0.0012,0.52,0.3832,2
0344010000123097,0.0003,0.52,0.6127,2
0344010000055786,0.0006,0.54,0.6127,2
0344010000146496,0.0005,0.35,0.6127,2
0344010000047346,0.0003,0.3,0.6655,2
0344010000047353,0.0003,0.52,0.3339,2
0344010000147269,0.0002,0.34,0.5645,2
0344010000047347,0.0003,0.3,0.6655,2
0344010000047349,0.0008,0.52,0.5048,2
0344010000047350,0.0008,0.59,0.5048,2
0344010000147268,0.0002,0.51,0.5002,2
0344010000193830,0.0113,0.5,0.4612,2
0344010000097933,0.0004,0.36,0.4337,2
0344010000003599,0.0003,0.31,0.5312,2
0344010000118508,0.0002,0.29,0.3981,2
0344010000099687,0.0002,0.33,0.3706,2
0344010000099688,0.0002,0.34,0.3706,2
0344010000118509,0.0001,0.3,0.2478,2
0344010000099689,0.0001,0.59,0.2478,2
0344010000099690,0.0001,0.28,0.2891,2
0344010000118510,0.0001,0.32,0.2891,2
0344010000099691,0.0002,0.48,0.3912,2
0344010000099692,0.0002,0.53,0.3912,2
0344010000144307,0.0003,0.35,0.4314,2
0344010000047251,0.0002,0.35,0.4314,2
0344010000123730,0.0001,0.32,0.2627,2
0344010000047252,0.0001,0.36,0.2627,2
0344010000107308,0.0005,0.59,0.7653,2
0344010000107309,0.0005,0.58,0.7653,2
0344010000010912,0.0001,0.53,0.1687,2
0344010000010913,0.0002,0.51,0.1687,2
0344010000121271,0.0005,0.51,0.1687,2
0344010000132403,0.0002,0.53,0.1687,3
0344010000010914,0.0002,0.5,0.1687,2
0344010000035582,0.0003,0.51,0.1687,2
0344010000121272,0.0002,0.5,0.1687,2
0344010000121273,0.0002,0.55,0.1687,2
0344010000010917,0.0002,0.53,0.1687,2
0344010000121274,0.0003,0.54,0.1687,2
0344010000010918,0.0002,0.59,0.1687,2
0344010000035583,0.0002,0.5,0.1687,2
0344010000010919,0.0003,0.58,0.1687,2
0344010000121275,0.0002,0.53,0.1687,2
0344010000035584,0.0003,0.48,0.1687,2
0344010000121276,0.0002,0.59,0.1687,2
0344010000010921,0.0003,0.53,0.1687,2
0344010000010924,0.0002,0.55,0.1687,2
0344010000121278,0.0002,0.56,0.1687,2
0344010000010460,0.0003,0.48,0.1687,2
0344010000063976,0.0002,0.36,0.5014,2
0344010000125496,0.0008,0.32,0.5014,2
0344010000168851,0.0035,0.34,0.2237,2
0344010000149632,0.0011,0.3,0.2627,2
0344010000060946,0.0065,0.48,0.1262,2
0344010000205294,0.0001,0.52,0.4165,3
0344010000205295,0.0001,0.29,0.8617,2
0344010000060947,0.0065,0.53,0.1262,3
0344010000205296,0.0001,0.3,0.8617,2
0344010000060948,0.0065,0.52,0.1262,3
0344010000205297,0.0001,0.3,0.8617,3
0344010000060949,0.0065,0.51,0.1262,3
0344010000205298,0.0001,0.31,0.8617,3
0344010000205299,0.0001,0.32,0.8617,3
0344010000205300,0.0001,0.37,0.8617,3
0344010000125866,0.0329,0.33,0.4968,3
0344010000065326,0.0329,0.28,0.4968,3
0344010000065327,0.0508,0.29,0.3912,3
0344010000071022,0.0062,0.47,0.1514,2
0344010000071023,0.0006,0.53,0.2123,2
0344010000151761,0.0003,0.56,0.2123,2
0344010000210722,0.0001,0.3,0.2123,2
0344010000205301,0.0003,0.48,0.3981,2
0344010000205302,0.0005,0.47,0.2616,2
0344010000189080,0.0,0.31,0.2547,2
0344010000175523,0.0057,0.51,0.4199,2
0344010000175524,0.5191,0.5,0.5966,1
0344010000175526,0.0002,0.53,0.2708,2
0344010000175527,0.8922,0.32,0.5966,1
0344010000175528,0.5191,0.51,0.5966,2
0344010000175531,0.6808,0.52,0.5966,1
0344010000175532,0.5191,0.51,0.5966,2
0344010000175535,0.8922,0.31,0.5966,1
0344010000175536,0.5191,0.52,0.5966,2
0344010000175540,0.5191,0.28,0.5966,1
0344010000122043,0.0011,0.47,0.3442,3
0344010000173217,0.0235,0.56,0.5117,3
0344010000173218,0.0235,0.52,0.5117,3
0344010000092869,0.0005,0.48,0.6402,2
0344010000159580,0.0003,0.51,0.6115,2
0344010000173216,0.0001,0.36,0.4383,2
0344010000102361,0.0035,0.53,0.7182,2
0344010000106750,0.0022,0.35,0.5404,2
0344010000073778,0.0001,0.6,0.3476,2
0344010000073783,0.0001,0.33,0.2536,2
0344010000126320,0.0036,0.3,0.5576,2
0344010000094692,0.0028,0.56,0.5576,2
0344010000069471,0.0016,0.52,0.2478,2
0344010000022670,0.0062,0.33,0.4853,2
0344010000155998,0.07,0.5,0.436,3
0344010000111729,0.0405,0.37,0.3568,2
0344010000168807,0.4857,0.56,0.6712,3
0356010000061545,0.0263,0.3,0.4234,2
0356010000065870,0.6911,0.34,0.5381,1
0356010000061558,0.0001,0.33,0.4739,3
0356010000061559,0.0001,0.57,0.4188,3
0356010000061560,0.0002,0.37,0.8031,2
0344010000044741,0.0002,0.58,0.428,2
0344010000124733,0.005,0.36,0.428,2
0344010000034885,0.0027,0.51,0.428,2
0310010000696121,0.0012,0.53,0.5117,3
0344010000200798,0.0852,0.31,0.4119,2
0344010000177437,0.0383,0.34,0.7928,3
0344010000177438,0.0383,0.35,0.88,3
0344010000177436,0.0054,0.51,0.7928,2
0344010000132352,0.0003,0.32,0.3224,3
0344010000112109,0.0002,0.3,0.5828,3
0344010000112110,0.0002,0.33,0.5828,3
0344010000127883,0.0012,0.34,0.5117,3
0344010000099172,0.0049,0.51,0.7423,2
0344010000106862,0.0061,0.51,0.7423,2
0344010000094284,0.0004,0.52,0.6402,2
0344010000080702,0.0011,0.54,0.2788,2
0312010000005798,0.0018,0.3,0.5117,3
0312010000005799,0.0128,0.48,0.5117,3
0312010000005800,0.0144,0.35,0.5117,3
0344010000072001,0.0004,0.37,0.2157,2
0344010000072003,0.0004,0.29,0.2627,2
0344010000152744,0.0004,0.29,0.2627,2
0344010000072005,0.0005,0.51,0.3453,2
0344010000072007,0.0005,0.55,0.3453,2
0344010000072008,0.0005,0.54,0.3453,2
0344010000072010,0.0004,0.37,0.2811,2
0344010000157779,0.0004,0.51,0.2811,2
0344010000072012,0.0004,0.47,0.2811,2
0344010000078220,0.0004,0.35,0.1033,2
0344010000155388,0.0001,0.56,0.2604,2
0344010000078221,0.0001,0.36,0.2604,2
0344010000078222,0.0005,0.37,0.2604,2
0344010000128096,0.0002,0.31,0.2604,2
0344010000126925,0.0006,0.48,0.2604,2
0344010000078223,0.0021,0.28,0.2123,2
0344010000194132,0.0621,0.36,0.2123,2
0344010000201657,0.0001,0.37,0.6976,2
0344010000201656,0.0001,0.36,0.0,2
0344010000078218,0.0002,0.31,0.8708,2
0344010000084070,0.0002,0.35,0.8708,2
0344010000084071,0.0002,0.36,0.8708,2
0344010000078219,0.0001,0.32,0.0195,2
0344010000099017,0.0843,0.31,0.4612,3
0344010000074936,0.0001,0.34,0.1526,2
0344010000074937,0.0001,0.56,0.1526,2
0344010000118360,0.1221,0.35,0.8008,2
0344010000074938,0.1532,0.54,0.6024,3
0344010000074939,0.0569,0.37,0.5152,2
0344010000074940,0.0062,0.3,0.4543,2
0344010000074941,0.0161,0.48,0.5186,2
0344010000153229,0.0298,0.52,0.4888,2
0344010000074942,0.0298,0.31,0.4888,2
0344010000125901,0.1221,0.53,0.6666,2
0356010000056905,0.0004,0.51,0.4555,2
0356010000056906,0.0004,0.34,0.4555,2
0356010000056907,0.0002,0.35,0.4211,2
0356010000056908,0.0002,0.54,0.4211,2
0356010000056909,0.0008,0.6,0.3086,2
0356010000056910,0.0008,0.3,0.3373,2
0356010000056911,0.0008,0.3,0.3373,2
0356010000056912,0.0006,0.53,0.413,2
0356010000056913,0.0006,0.52,0.413,2
0356010000056914,0.0028,0.33,0.3832,2
0356010000056915,0.0028,0.34,0.3832,2
0356010000056916,0.0007,0.35,0.4199,2
0356010000056917,0.0008,0.36,0.2386,2
0356010000056918,0.0008,0.37,0.2386,2
0344010000190097,0.7273,0.31,0.7664,1
0344010000190003,0.0216,0.53,0.5117,3
0344010000189956,0.0137,0.56,0.5117,3
0344010000189957,0.0137,0.55,0.5117,3
0344010000189960,0.0293,0.49,0.5117,3
0344010000189962,0.005,0.53,0.5117,3
0344010000189963,0.0034,0.51,0.5117,3
0344010000189967,0.005,0.53,0.5117,3
0344010000189974,0.0034,0.56,0.5117,3
0344010000189977,0.0293,0.59,0.5117,3
0344010000189988,0.0137,0.57,0.5117,3
0344010000189989,0.0137,0.46,0.5117,3
0344010000189990,0.0034,0.51,0.5117,3
0344010000189991,0.005,0.5,0.5117,3
0344010000189992,0.0293,0.56,0.5117,3
0344010000189993,0.0293,0.55,0.5117,3
0344010000189994,0.005,0.53,0.5117,3
0344010000189995,0.0034,0.59,0.5117,3
0344010000190000,0.0293,0.6,0.5117,3
0344010000190002,0.0034,0.47,0.5117,3
0344010000030945,0.0001,0.37,0.4796,2
0344010000003353,0.0004,0.51,0.5507,2
0344010000182823,0.0002,0.5,0.5507,2
0344010000182825,0.0002,0.53,0.5507,2
0344010000079474,0.0011,0.36,0.5507,2
0344010000079475,0.0011,0.37,0.5507,2
0344010000134910,0.0002,0.34,0.5507,2
0344010000128478,0.0011,0.35,0.5507,2
0344010000003356,0.0002,0.33,0.5507,2
0344010000003357,0.0005,0.34,0.5507,2
0344010000153958,0.0003,0.54,0.5507,2
0344010000079476,0.0043,0.49,0.4865,2
0344010000079477,0.0071,0.29,0.4865,2
0344010000079478,0.0006,0.53,0.4865,2
0344010000153959,0.0011,0.6,0.5622,2
0344010000031109,0.0001,0.3,0.467,2
0344010000031110,0.0008,0.51,0.467,2
0344010000031111,0.0006,0.34,0.6987,2
